category,name,slug,address,lat,lng,phone,email,website,instagram,facebook,short_description,short_description_local,description,description_local,opening_hours,hours_source_url,hours_observed_at,emergency_24_7,emergency_note,emergency_note_local,home_visits,specialties,languages_spoken,facts,photo_urls,google_place_id,google_maps_url,google_rating,google_rating_count,rating_observed_at,logo_file,source_url,observed_at,closed,notes
VET_CLINIC,ŻKW Przychodnia Weterynaryjna Grupa EDINA,zkw-przychodnia-weterynaryjna,"Efraima Schroegera 72a, 01-822 Warszawa",52.280451,20.9460224,+48 22 834 54 53,kontakt.zkw@edina.pl,https://weterynaria.waw.pl/,,,"Veterinary clinic in Bielany offering internal medicine, surgery, and imaging diagnostics.","Przychodnia weterynaryjna na Bielanach z interną, chirurgią i diagnostyką obrazową.","ŻKW Przychodnia Weterynaryjna na Bielanach, należąca do Grupy EDINA, świadczy opiekę medyczną dla psów i kotów. Oferuje profilaktykę, leczenie chorób wewnętrznych, zabiegi chirurgiczne i ortopedyczne, stomatologię, kardiologię oraz diagnostykę RTG i USG.","ŻKW Przychodnia Weterynaryjna na Bielanach, należąca do Grupy EDINA, świadczy opiekę medyczną dla psów i kotów. Oferuje profilaktykę, leczenie chorób wewnętrznych, zabiegi chirurgiczne i ortopedyczne, stomatologię, kardiologię oraz diagnostykę RTG i USG.",mo 08:00-22:00; tu 08:00-22:00; we 08:00-22:00; th 08:00-22:00; fr 08:00-22:00; sa 08:00-22:00; su 08:00-22:00,https://weterynaria.waw.pl/kontakt/,2026-10-02,no,,,no,internal-medicine;surgery;orthopedics;dentistry;cardiology;ultrasound;x-ray,,online_booking;pet_passport,,ChIJ-3xZHM3LHkcR3kSZIOSO31Q,https://www.google.com/maps/place/%C5%BBKW+Przychodnia+Weterynaryjna+Grupa+EDINA/data=!4m7!3m6!1s0x471ecbcd1c597cfb:0x54df8ee4209944de!8m2!3d52.280451!4d20.9460224!16s%2Fg%2F1tdpqdt_!19sChIJ-3xZHM3LHkcR3kSZIOSO31Q?hl=pl,4.4,697,2026-10-02,zkw-przychodnia-weterynaryjna.webp,https://weterynaria.waw.pl/,2026-10-02,no,"languages: none (site in polish only, checked 2026-10-02); prices: none (site - no cennik page, checked 2026-10-02)"
VET_CLINIC,Animal Care Center,animal-care-center,"Sarmacka 9, 02-972 Warszawa",52.161454,21.077737,+48 22 740 77 63,recepcja@animalcarecenter.pl,https://animalcarecenter.pl/,,,"Veterinary clinic in Wilanów with oncology, surgery, cardiology, and diagnostics.","Przychodnia weterynaryjna w Wilanowie z onkologią, chirurgią i kardiologią.","Przychodnia weterynaryjna Animal Care Center w Miasteczku Wilanów zapewnia wszechstronną opiekę dla psów i kotów. Świadczy usługi z zakresu chirurgii, ortopedii, onkologii, kardiologii, dermatologii i stomatologii oraz diagnostykę cyfrową RTG.","Przychodnia weterynaryjna Animal Care Center w Miasteczku Wilanów zapewnia wszechstronną opiekę dla psów i kotów. Świadczy usługi z zakresu chirurgii, ortopedii, onkologii, kardiologii, dermatologii i stomatologii oraz diagnostykę cyfrową RTG.",mo 08:00-21:00; tu 08:00-21:00; we 08:00-21:00; th 08:00-21:00; fr 08:00-21:00; sa 10:00-15:00; su 10:00-15:00,https://animalcarecenter.pl/kontakt/,2026-10-02,no,,,no,surgery;orthopedics;internal-medicine;dentistry;cardiology;oncology;dermatology;x-ray,en,online_booking;pet_passport,,ChIJ-9d2GEMtGUcRzJnCYeMm3Es,https://www.google.com/maps/place/Animal+Care+Center/data=!4m7!3m6!1s0x47192d431876d7fb:0x4bdc26e361c299cc!8m2!3d52.161454!4d21.077737!16s%2Fg%2F11dd_lts82!19sChIJ-9d2GEMtGUcRzJnCYeMm3Es?hl=pl,4.8,687,2026-10-02,animal-care-center.png,https://animalcarecenter.pl/,2026-10-02,no,"prices: none (site - no cennik page, checked 2026-10-02)"
VET_CLINIC,Marcel2 - Lekarze Dla Zwierząt,marcel2,"Radiowa 16, 01-485 Warszawa",52.2498287,20.9194501,+48 22 638 26 11,marcel2bemowo@wp.pl,http://www.marcel2.pl/,,,"Veterinary practice in Bemowo operating since 1993 with surgery, orthopedics, and diagnostics.","Lecznica dla zwierząt na Bemowie działająca od 1993 roku z chirurgią, ortopedią i USG.","Marcel2 Lekarze Dla Zwierząt to placówka weterynaryjna na warszawskim Bemowie, działająca od 1993 roku. Zapewnia specjalistyczne konsultacje chirurgiczne, ortopedyczne, kardiologiczne i okulistyczne oraz badania diagnostyczne USG i RTG.","Marcel2 Lekarze Dla Zwierząt to placówka weterynaryjna na warszawskim Bemowie, działająca od 1993 roku. Zapewnia specjalistyczne konsultacje chirurgiczne, ortopedyczne, kardiologiczne i okulistyczne oraz badania diagnostyczne USG i RTG.",mo 08:00-20:00; tu 08:00-20:00; we 08:00-20:00; th 08:00-20:00; fr 08:00-20:00; sa 08:00-15:00; su 10:00-15:00,http://www.marcel2.pl/,2026-10-02,no,,,no,surgery;orthopedics;cardiology;ultrasound;x-ray;ophthalmology,,pet_passport,,ChIJoSw75QHLHkcRDhVS6OMf6-k,https://www.google.com/maps/place/Marcel2+-+Lekarze+Dla+Zwierz%C4%85t/data=!4m7!3m6!1s0x471ecb01e53b2ca1:0xe9eb1fe3e852150e!8m2!3d52.2498287!4d20.9194501!16s%2Fg%2F11cr_s5s5n!19sChIJoSw75QHLHkcRDhVS6OMf6-k?hl=pl,4.6,655,2026-10-02,marcel2.png,http://www.marcel2.pl/,2026-10-02,no,"languages: none (site in polish only, checked 2026-10-02); prices: none (site - no cennik page, checked 2026-10-02)"
VET_CLINIC,I Żoliborska Przychodnia Weterynaryjna,i-zoliborska-przychodnia-weterynaryjna,"Gdańska 2, 01-633 Warszawa",52.2729092,20.9744073,+48 22 833 29 56,lecznicagdanska@gmail.com,https://kruszynska.pl/,,https://www.facebook.com/PrzychodniaKruszynska,"Veterinary clinic in Żoliborz offering internal medicine, surgery, oncology, and diagnostics.","Przychodnia weterynaryjna na Żoliborzu z interną, chirurgią onkologiczną i USG.","I Żoliborska Przychodnia Weterynaryjna to jedna z najstarszych przychodni w Warszawie. Zapewnia opiekę internistyczną, zabiegi chirurgiczne, chirurgię onkologiczną, stomatologię, kardiologię z EKG i echo serca oraz diagnostykę RTG i USG.","I Żoliborska Przychodnia Weterynaryjna to jedna z najstarszych przychodni w Warszawie. Zapewnia opiekę internistyczną, zabiegi chirurgiczne, chirurgię onkologiczną, stomatologię, kardiologię z EKG i echo serca oraz diagnostykę RTG i USG.",mo 09:00-21:00; tu 09:00-21:00; we 09:00-21:00; th 09:00-21:00; fr 09:00-21:00; sa 09:00-15:00; su closed,https://www.google.com/maps/place/I+%C5%BBoliborska+Przychodnia+Weterynaryjna/data=!4m7!3m6!1s0x471ecbe98c3ac9b3:0xee7bed87fb471c93!8m2!3d52.2729092!4d20.9744073!16s%2Fg%2F1tfjjwwz!19sChIJs8k6jOnLHkcRkxxH-4fte-4?hl=pl,2026-10-02,no,,,no,internal-medicine;surgery;oncology;ophthalmology;orthopedics;dentistry;cardiology;x-ray;ultrasound;laboratory,,online_booking;pet_passport,,ChIJs8k6jOnLHkcRkxxH-4fte-4,https://www.google.com/maps/place/I+%C5%BBoliborska+Przychodnia+Weterynaryjna/data=!4m7!3m6!1s0x471ecbe98c3ac9b3:0xee7bed87fb471c93!8m2!3d52.2729092!4d20.9744073!16s%2Fg%2F1tfjjwwz!19sChIJs8k6jOnLHkcRkxxH-4fte-4?hl=pl,4.8,615,2026-10-02,i-zoliborska-przychodnia-weterynaryjna.png,https://kruszynska.pl/,2026-10-02,no,"languages: none (site in polish only, checked 2026-10-02); prices: none (site - no cennik page, checked 2026-10-02)"
VET_CLINIC,"Przychodnia Weterynaryjna ""Bokserska"" | Weterynarz Warszawa",przychodnia-weterynaryjna-bokserska,"Obrzeżna 1A, 02-691 Warszawa",52.1703518,20.9956922,+48 22 857 37 85,kontakt@bokserska.waw.pl,https://www.bokserska.waw.pl/,,https://www.facebook.com/bokserska/,"Veterinary clinic in Służewiec offering surgery, orthopedics, dentistry, and diagnostics.","Przychodnia weterynaryjna na Służewcu z chirurgią, ortopedią i stomatologią.","Przychodnia Weterynaryjna Bokserska na warszawskim Mokotowie zapewnia kompleksową opiekę weterynaryjną. Oferuje zabiegi chirurgiczne, w tym chirurgię onkologiczną, ortopedię, stomatologię psów i kotów oraz badania obrazowe USG i RTG.","Przychodnia Weterynaryjna Bokserska na warszawskim Mokotowie zapewnia kompleksową opiekę weterynaryjną. Oferuje zabiegi chirurgiczne, w tym chirurgię onkologiczną, ortopedię, stomatologię psów i kotów oraz badania obrazowe USG i RTG.",mo 09:00-21:00; tu 09:00-21:00; we 09:00-21:00; th 09:00-21:00; fr 09:00-21:00; sa 09:00-17:00; su 09:00-14:00,https://www.bokserska.waw.pl/,2026-10-02,no,,,no,internal-medicine;surgery;orthopedics;dentistry;oncology;ultrasound;x-ray,,online_booking,,ChIJ8SFo4N8yGUcRC9UWAlByGac,https://www.google.com/maps/place/Przychodnia+Weterynaryjna+%22Bokserska%22+%7C+Weterynarz+Warszawa/data=!4m7!3m6!1s0x471932dfe06821f1:0xa71972500216d50b!8m2!3d52.1703518!4d20.9956922!16s%2Fg%2F1tg4k3pv!19sChIJ8SFo4N8yGUcRC9UWAlByGac?hl=pl,4.6,602,2026-10-02,przychodnia-weterynaryjna-bokserska.png,https://www.bokserska.waw.pl/,2026-10-02,no,"languages: none (site in polish only, checked 2026-10-02); prices: none (site - no cennik page, checked 2026-10-02)"
VET_CLINIC,Przychodnia Weterynaryjna Animal Center Weterynarz Ursynów - Vet Clinic Warsaw,animal-center,"Zamiany 12/U6, 02-786 Warszawa",52.1595082,21.0359537,+48 22 414 18 12,biuro@animal-center.pl,https://animal-center.pl/,,,Veterinary clinic and rehabilitation center in Ursynów with specialized consultations.,Przychodnia weterynaryjna i centrum rehabilitacji psów i kotów na Ursynowie.,"Przychodnia Weterynaryjna oraz Centrum Rehabilitacji Animal Center na Ursynowie oferuje diagnostykę i specjalistyczne konsultacje. Zakres usług obejmuje internę, chirurgię, ortopedię, neurologię, onkologię, kardiologię, okulistykę, stomatologię i rehabilitację.","Przychodnia Weterynaryjna oraz Centrum Rehabilitacji Animal Center na Ursynowie oferuje diagnostykę i specjalistyczne konsultacje. Zakres usług obejmuje internę, chirurgię, ortopedię, neurologię, onkologię, kardiologię, okulistykę, stomatologię i rehabilitację.",mo 09:00-22:00; tu 09:00-22:00; we 09:00-22:00; th 09:00-22:00; fr 09:00-22:00; sa 10:00-18:00; su closed,https://animal-center.pl/,2026-10-02,no,,,no,rehabilitation;internal-medicine;dermatology;oncology;endoscopy;neurology;orthopedics;surgery;x-ray;ultrasound;dentistry;cardiology;ophthalmology,,online_booking,,ChIJq46y3JAyGUcR5TeVKvVlsPk,https://www.google.com/maps/place/Przychodnia+Weterynaryjna+Animal+Center+Weterynarz+Ursyn%C3%B3w+-+Vet+Clinic+Warsaw/data=!4m7!3m6!1s0x47193290dcb28eab:0xf9b065f52a9537e5!8m2!3d52.1595082!4d21.0359537!16s%2Fg%2F1tcvy4mz!19sChIJq46y3JAyGUcR5TeVKvVlsPk?hl=pl,4.7,590,2026-10-02,,https://animal-center.pl/,2026-10-02,no,"logo: none (site - strip 312x42 too thin for 64px tile, fb - 15th anniversary illustration, ig - none); languages: none (site in polish only, checked 2026-10-02); prices: none (site - no cennik page, checked 2026-10-02)"
VET_CLINIC,PoliOgonowa Przychodnia Weterynaryjna,poliogonowa-przychodnia-weterynaryjna,"Poligonowa 1/Lok. 3 lok. 8, 04-051 Warszawa",52.2321448,21.0824541,+48 22 870 44 11,poligonowa@gmail.com,http://www.wet.waw.pl/,,,"Veterinary clinic in Praga-Południe with surgical room, inpatient care, and diagnostics.","Przychodnia weterynaryjna na Pradze-Południe ze szpitalem, chirurgią i RTG.","PoliOgonowa Przychodnia Weterynaryjna na Pradze-Południe istnieje od 2004 roku. Dysponuje wyposażonym gabinetem przyjęć, salą chirurgiczną, aparaturą EKG i RTG, opieką szpitalną oraz wykonuje badania laboratoryjne i paszporty.","PoliOgonowa Przychodnia Weterynaryjna na Pradze-Południe istnieje od 2004 roku. Dysponuje wyposażonym gabinetem przyjęć, salą chirurgiczną, aparaturą EKG i RTG, opieką szpitalną oraz wykonuje badania laboratoryjne i paszporty.",mo 09:00-22:00; tu 09:00-22:00; we 09:00-22:00; th 09:00-22:00; fr 09:00-22:00; sa 10:00-18:00; su 10:00-17:00,http://www.wet.waw.pl/,2026-10-02,no,,,no,surgery;orthopedics;cardiology;x-ray;hospitalization;internal-medicine;laboratory,,pet_passport,,ChIJN8CR75jNHkcRRVcnGjfT-uM,https://www.google.com/maps/place/PoliOgonowa+Przychodnia+Weterynaryjna/data=!4m7!3m6!1s0x471ecd98ef91c037:0xe3fad3371a275745!8m2!3d52.2321448!4d21.0824541!16s%2Fg%2F1vnthn6d!19sChIJN8CR75jNHkcRRVcnGjfT-uM?hl=pl,4.8,544,2026-10-02,,http://www.wet.waw.pl/,2026-10-02,no,"hours: site has Sunday 10:00-17:00, Google Maps had 10:00-15:00; logo: none (site - illustration only, no logo, fb - none); languages: none (site in polish only, checked 2026-10-02); prices: none (site - no cennik page, checked 2026-10-02)"
VET_CLINIC,Przychodnia Weterynaryjna VIKA,przychodnia-weterynaryjna-vika,"Obszarowa 1, 04-975 Warszawa",52.1593811,21.2084637,+48 22 612 75 75,lecznica.viwet@gmail.com,http://www.lecznicavika.pl/,,,Veterinary clinic and blood bank in Wawer operating since 1994 with surgery and diagnostics.,Lecznica weterynaryjna w Wawrze działająca od 1994 roku z chirurgią i bankiem krwi.,"Lecznica Weterynaryjna VIKA w Wawrze leczy zwierzęta od 1994 roku i prowadzi Specjalistyczny Weterynaryjny Bank Krwi. Oferuje diagnostykę laboratoryjną, RTG i USG, kardiologię z echo serca, chirurgię miękką i ortopedyczną, stomatologię i okulistykę.","Lecznica Weterynaryjna VIKA w Wawrze leczy zwierzęta od 1994 roku i prowadzi Specjalistyczny Weterynaryjny Bank Krwi. Oferuje diagnostykę laboratoryjną, RTG i USG, kardiologię z echo serca, chirurgię miękką i ortopedyczną, stomatologię i okulistykę.",mo 09:00-21:00; tu 09:00-21:00; we 09:00-21:00; th 09:00-21:00; fr 09:00-21:00; sa 09:00-20:00; su 10:00-16:00,http://www.lecznicavika.pl/kontakt.html,2026-10-02,no,,,no,laboratory;x-ray;ultrasound;cardiology;internal-medicine;dermatology;dentistry;surgery;orthopedics;ophthalmology,,pet_passport,,ChIJqb86UazUHkcRsi1-sHEmCF0,https://www.google.com/maps/place/Przychodnia+Weterynaryjna+VIKA/data=!4m7!3m6!1s0x471ed4ac513abfa9:0x5d082671b07e2db2!8m2!3d52.1593811!4d21.2084637!16s%2Fg%2F1th7x30w!19sChIJqb86UazUHkcRsi1-sHEmCF0?hl=pl,4.8,511,2026-10-02,,http://www.lecznicavika.pl/,2026-10-02,no,"hours: site has Sunday 10:00-16:00, Google Maps had 09:00-15:00; logo: none (site - banner with photos 297KB, favicon 16px, fb - no profile); languages: none (site in polish only, checked 2026-10-02); prices: none (site - no cennik page, checked 2026-10-02)"
VET_CLINIC,Przychodnia weterynaryjna Citywetka Paulina Murawińska-Pogorzelska,citywetka,"Łabiszyńska 21A, 03-204 Warszawa",52.2957751,21.0319045,+48 22 110 60 80,kontakt@citywet.pl,http://www.citywet.pl/,,,Veterinary clinic in Targówek with separate cat and dog waiting areas and surgery.,"Przychodnia na Targówku z osobną poczekalnią dla kotów, interną i chirurgią.","Przychodnia Weterynaryjna Citywetka na warszawskim Bródnie zapewnia opiekę internistyczną dla psów i kotów. Posiada poczekalnię z osobną częścią kocią i psią, salę zabiegową i szpital dzienny oraz oferuje konsultacje chirurgiczne, okulistyczne, kardiologiczne i badania RTG.","Przychodnia Weterynaryjna Citywetka na warszawskim Bródnie zapewnia opiekę internistyczną dla psów i kotów. Posiada poczekalnię z osobną częścią kocią i psią, salę zabiegową i szpital dzienny oraz oferuje konsultacje chirurgiczne, okulistyczne, kardiologiczne i badania RTG.",mo 10:00-20:00; tu 10:00-20:00; we 10:00-20:00; th 10:00-20:00; fr 10:00-20:00; sa 10:00-15:00; su closed,https://www.citywet.pl/o-nas,2026-10-02,no,,,no,internal-medicine;x-ray;surgery;ophthalmology;cardiology;endoscopy;hospitalization,,online_booking;cats_waiting_room,,ChIJa_jYE7TOHkcRA2NN8j69jic,https://www.google.com/maps/place/Przychodnia+weterynaryjna+Citywetka+Paulina+Murawi%C5%84ska-Pogorzelska/data=!4m7!3m6!1s0x471eceb413d8f86b:0x278ebd3ef24d6303!8m2!3d52.2957751!4d21.0319045!16s%2Fg%2F1tfm5dw1!19sChIJa_jYE7TOHkcRA2NN8j69jic?hl=pl,4.8,492,2026-10-02,citywetka.png,http://www.citywet.pl/,2026-10-02,no,"languages: none (site in polish only, checked 2026-10-02); prices: none (site - no cennik page, checked 2026-10-02)"
VET_CLINIC,Przychodnia Weterynaryjna Boliłapka,przychodnia-weterynaryjna-bolilapka,"Franciszka Marii Lanciego 16, 02-792 Warszawa",52.1462278,21.0563716,+48 22 423 11 51,bolilapka.waw@gmail.com,http://www.bolilapka.pl/,https://www.instagram.com/bolilapkawarszawa/,https://pl-pl.facebook.com/przychodniabolilapka,Veterinary clinic in Ursynów operating for over 20 years with surgery and dental care.,Przychodnia weterynaryjna na Ursynowie działająca od ponad 20 lat ze stomatologią i chirurgią.,"Przychodnia Weterynaryjna Boliłapka na Ursynowie opiekuje się zwierzętami od ponad 20 lat. Zapewnia profilaktykę, leczenie internistyczne, zabiegi chirurgiczne, stomatologię, czipowanie i wystawianie paszportów oraz internetową rejestrację wizyt.","Przychodnia Weterynaryjna Boliłapka na Ursynowie opiekuje się zwierzętami od ponad 20 lat. Zapewnia profilaktykę, leczenie internistyczne, zabiegi chirurgiczne, stomatologię, czipowanie i wystawianie paszportów oraz internetową rejestrację wizyt.",mo 09:00-21:00; tu 09:00-21:00; we 09:00-21:00; th 09:00-21:00; fr 09:00-21:00; sa 10:00-14:00; su 10:00-14:00,http://www.bolilapka.pl/,2026-10-02,no,,,no,surgery;dentistry,,online_booking;pet_passport,,ChIJRWSKIoMyGUcRgCU-zgptPEg,https://www.google.com/maps/place/Przychodnia+Weterynaryjna+Boli%C5%82apka/data=!4m7!3m6!1s0x47193283228a6445:0x483c6d0ace3e2580!8m2!3d52.1462278!4d21.0563716!16s%2Fg%2F1tfdxlm3!19sChIJRWSKIoMyGUcRgCU-zgptPEg?hl=pl,4.8,479,2026-10-02,przychodnia-weterynaryjna-bolilapka.png,http://www.bolilapka.pl/,2026-10-02,no,"languages: none (site in polish only, checked 2026-10-02); prices: none (site - no cennik page, checked 2026-10-02)"
