category,name,slug,address,lat,lng,phone,email,website,instagram,facebook,short_description,short_description_local,description,description_local,opening_hours,hours_source_url,hours_observed_at,emergency_24_7,emergency_note,emergency_note_local,home_visits,specialties,languages_spoken,facts,photo_urls,google_place_id,google_maps_url,google_rating,google_rating_count,rating_observed_at,logo_file,source_url,observed_at,closed,notes
GROOMING,Paws and Tails Charlottenburg,paws-and-tails-charlottenburg,"Neue Kantstraße 4, 14057 Berlin",52.506974,13.2931566,+49 30 71097777,hello@paws-tails.eu,https://paws-tails.eu/,https://www.instagram.com/paws_and_tails_grooming/,,"Grooming salon in Charlottenburg providing full clipping, bath and coat care for dogs and cats.","Hundesalon in Charlottenburg für Komplettpflege, Baden und Fellpflege bei Hunden und Katzen.","Paws and Tails in Charlottenburg offers grooming services for dogs and cats of all sizes. Treatments include bath and blow-dry packages, breed styling, hand stripping, deshedding for undercoats, and gentle dental cleaning.","Paws and Tails in Charlottenburg bietet professionelle Fellpflege für Hunde und Katzen aller Größen. Zum Leistungsangebot gehören Wasch- und Föhnpakete, Scher- und Modellhaarschnitte, Handstripping, Unterwollentfernung und Ultraschall-Zahnreinigung.",tu 10:00-18:00; we 10:00-18:00; th 10:00-18:00; fr 10:00-18:00; sa 10:00-18:00,https://paws-tails.eu/charlottenburg,2026-10-06,,,,,,,cats;all_sizes,,,"https://www.google.com/maps/place/Paws+and+Tails+Charlottenburg/@52.506974,13.2931566,17z/data=!3m1!4b1!4m6!3m5!1s0x47a851a23c946f01:0x87d955c076f352c3!8m2!3d52.506974!4d13.2931566!16s%2Fg%2F11v13w0ysg?authuser=0&hl=de&entry=ttu&g_ep=EgoyMDI2MDkzMC4wIKXMDSoASAFQAw%3D%3D",4.8,362,2026-10-06,paws-and-tails-charlottenburg.svg,https://paws-tails.eu/,2026-10-06,,logo: site header SVG; phone: updated from candidates +49 1522 2004014 to branch phone +49 30 71097777 on site
GROOMING,Hundeatelier Josephine,hundeatelier-josephine,"Frankfurter Allee 268, 10317 Berlin",52.510717,13.5020509,+49 30 5294186,Kontakt@hundeatelier-josephine.com,http://hundeatelier-josephine.com/,https://www.instagram.com/hundeatelier_josephine/,,"Grooming atelier in Lichtenberg offering breed styling, bathing and coat care for dogs and cats.","Pflegesalon in Lichtenberg für Rassefrisuren, Baden und Fellpflege bei Hunden und Katzen.","Hundeatelier Josephine in Lichtenberg provides grooming services for dogs of all sizes, cats, and small animals. Offerings include FCI breed styling, trimming, deshedding, dental care without anesthesia, and puppy coat care.","Das Hundeatelier Josephine in Berlin-Lichtenberg bietet Pflegedienstleistungen für Hunde jeder Größe, Katzen und Kleintiere. Das Angebot umfasst FCI-Rassestandardfrisuren, Trimmen, Entfilzen, Baden, Zahnsteinentfernung ohne Narkose sowie Welpenpflege.",mo 08:00-20:00; tu 08:00-20:00; we 08:00-20:00; th 08:00-20:00; fr 08:00-20:00,http://hundeatelier-josephine.com/Leistungen/,2026-10-06,,,,,,,cats;all_sizes,,,"https://www.google.com/maps/place/Hundeatelier+Josephine/@52.510717,13.5020509,17z/data=!3m1!4b1!4m6!3m5!1s0x47a84ebf521524e3:0x8e587f4aa3d66c01!8m2!3d52.510717!4d13.5020509!16s%2Fg%2F1tl7mrfl?authuser=0&hl=de&entry=ttu&g_ep=EgoyMDI2MDkzMC4wIKXMDSoASAFQAw%3D%3D",4.2,339,2026-10-06,,http://hundeatelier-josephine.com/,2026-10-06,,"logo: none (site header text only, instagram profile photo only); prices: none (site does not publish price list, individual inquiry)"
GROOMING,Yorkis Hunde- und Katzensalon,yorkis-hunde-und-katzensalon,"Hagelberger Str. 16, 10965 Berlin",52.491733,13.3825072,+49 176 27845457,info@yorkis-hundesalon.de,https://www.yorkis-hundesalon.de/,,,Grooming salon in Kreuzberg providing wellness styling and hygiene care for dogs and cats.,Hundesalon in Kreuzberg für Wellness-Modellhaarschnitte und Pflege bei Hunden und Katzen.,"Yorkis Hunde- und Katzensalon in Kreuzberg provides comprehensive grooming for both dogs and cats. Services include wash and dry packages, full clipping, breed hand stripping, nail trims, and ultrasound teeth cleaning.","Yorkis Hunde- und Katzensalon in Berlin-Kreuzberg bietet umfassende Pflegedienstleistungen für Hunde und Katzen. Das Portfolio umfasst Wasch- und Föhnpakete, Wellness-Modellhaarschnitte, Handstripping, Krallenschneiden und schmerzfreie Ultraschall-Zahnreinigung.",tu 09:00-19:00; we 09:00-19:00; th 09:00-19:00; fr 09:00-19:00; sa 09:00-19:00,https://www.yorkis-hundesalon.de/kontakt/,2026-10-06,,,,,,,cats;online_booking,,,"https://www.google.com/maps/place/Yorkis+Hunde-+und+Katzensalon/@52.491733,13.3825072,17z/data=!3m1!4b1!4m6!3m5!1s0x47a8519414f24ecf:0x850a4df97d942fd0!8m2!3d52.491733!4d13.3825072!16s%2Fg%2F11v_4t80pg?authuser=0&hl=de&entry=ttu&g_ep=EgoyMDI2MDkzMC4wIKXMDSoASAFQAw%3D%3D",4.9,326,2026-10-06,yorkis-hunde-und-katzensalon.png,https://www.yorkis-hundesalon.de/,2026-10-06,,logo: site header PNG
GROOMING,Hundesalon GroomRoom,hundesalon-groomroom,"Giesebrechtstraße 2, 10629 Berlin",52.5027152,13.308542,+49 1525 4524113,hallo@groomroom.net,http://www.groomroom.net/,https://www.instagram.com/groomroomberlin/,,"Grooming salon in Charlottenburg providing full styling, hand stripping and cat grooming.","Hundesalon in Charlottenburg für Komplettpflege, Handtrimmen und schonende Katzenpflege.","GroomRoom in Berlin-Charlottenburg offers premium grooming services for dogs and cats. Services include wash and dry basics, full scissor and machine styling, breed hand stripping, nail trims, and junior grooming.","GroomRoom in Berlin-Charlottenburg bietet professionelle Fellpflege für Hunde und Katzen. Das Angebot umfasst Basispflege mit Waschen und Föhnen, Komplettpflege nach Absprache, Handtrimmen für Terrier und Schnauzer, Krallenschneiden sowie Katzenpflege.",tu 10:00-18:00; we 10:00-18:00; th 10:00-18:00; fr 10:00-18:00; sa 10:00-18:00,http://www.groomroom.net/kontakt,2026-10-06,,,,,,,cats;online_booking,,,"https://www.google.com/maps/place/Hundesalon+GroomRoom/@52.5027152,13.308542,17z/data=!3m1!4b1!4m6!3m5!1s0x47a84ff8212d2433:0xec8f227864ef7c25!8m2!3d52.5027152!4d13.308542!16s%2Fg%2F11rt_4_vs8?authuser=0&hl=de&entry=ttu&g_ep=EgoyMDI2MDkzMC4wIKXMDSoASAFQAw%3D%3D",5.0,301,2026-10-06,hundesalon-groomroom.svg,http://www.groomroom.net/,2026-10-06,,logo: site header SVG
GROOMING,Hunde & Katzensalon Black & White Dogs Coiffeur and More,hunde-und-katzensalon-black-and-white-dogs,"Gehsener Str. 100, 12555 Berlin",52.4631735,13.5828003,+49 1515 5444431,info@Hund-e.de,http://www.hund-e.de/,,,"Grooming salon in Köpenick specializing in hand stripping, clipping and individual care.","Hundesalon in Köpenick für Handtrimmen, Scheren, Krallenpflege und individuellen Holservice.","Hunde & Katzensalon Black & White Dogs in Berlin-Köpenick offers one-on-one grooming appointments. Services include hand stripping, breed scissor styling, bath and coat care, claw clipping, and an optional pick-up and drop-off service.","Der Hunde- und Katzensalon Black & White Dogs in Berlin-Köpenick arbeitet im Rahmen von Einzelterminen ohne Warteboxen. Das Angebot umfasst Handtrimmen, Scheren und Effilieren, Waschen, Krallen- und Ohrenpflege sowie einen bequemen Hol- und Bringservice.",mo 09:00-18:00; tu 09:00-18:00; we 09:00-18:00; th 09:00-18:00; fr 09:00-18:00,https://hund-e.de/offnungszeiten.htm,2026-10-06,,,,,,,pickup_service;all_sizes,,,"https://www.google.com/maps/place/Hunde+%26+Katzensalon+Black+%26+White+Dogs+Coiffeur+and+More/@52.4631735,13.5828003,17z/data=!3m1!4b1!4m6!3m5!1s0x47a8498a20004bdd:0x69f0a532f4e5fb72!8m2!3d52.4631735!4d13.5828003!16s%2Fg%2F1td0rxm5?authuser=0&hl=de&entry=ttu&g_ep=EgoyMDI2MDkzMC4wIKXMDSoASAFQAw%3D%3D",4.9,298,2026-10-06,hunde-und-katzensalon-black-and-white-dogs.jpg,http://www.hund-e.de/,2026-10-06,,"logo: site header banner; prices: none (site does not publish price list, individual inquiry)"
GROOMING,Ninas Freunde Hundesalon,ninas-freunde-hundesalon,"Dunckerstraße 86, 10437 Berlin",52.541364,13.4193483,+49 30 53117928,info@ninasfreunde.de,http://ninasfreunde.de/,https://www.instagram.com/ninasfreunde/,https://www.facebook.com/ninasfreundehundesalon/,"Grooming salon in Prenzlauer Berg providing styling, bathing and hand stripping.","Hundesalon in Prenzlauer Berg für Fellpflege, Waschen, Föhnen und Handtrimmen aller Rassen.","Ninas Freunde Hundesalon in Berlin Prenzlauer Berg offers grooming for dogs of all breeds and sizes. Services include bathing and blow-drying, scissor styling, hand stripping, and stress-free coat maintenance.","Ninas Freunde Hundesalon in Berlin Prenzlauer Berg bietet individuelle Fellpflege für Hunde jeder Rasse und Größe. Das Leistungsspektrum umfasst professionelles Schneiden und Trimmen, Waschen und Föhnen sowie sanfte Pflege in ruhiger Atmosphäre.",mo 10:00-18:00; tu 10:00-19:00; we 10:00-18:00; th 10:00-19:00; fr 10:00-19:00; sa closed; su closed,"https://www.google.com/maps/place/Ninas+Freunde+Hundesalon/@52.541364,13.4193483,17z/data=!3m1!4b1!4m6!3m5!1s0x47a84dffdf7cf65b:0xc7ee861a58d7c25!8m2!3d52.541364!4d13.4193483!16s%2Fg%2F11c1nr6308?authuser=0&hl=de&entry=ttu&g_ep=EgoyMDI2MDkzMC4wIKXMDSoASAFQAw%3D%3D",2026-10-06,,,,,,,all_sizes;online_booking,,,"https://www.google.com/maps/place/Ninas+Freunde+Hundesalon/@52.541364,13.4193483,17z/data=!3m1!4b1!4m6!3m5!1s0x47a84dffdf7cf65b:0xc7ee861a58d7c25!8m2!3d52.541364!4d13.4193483!16s%2Fg%2F11c1nr6308?authuser=0&hl=de&entry=ttu&g_ep=EgoyMDI2MDkzMC4wIKXMDSoASAFQAw%3D%3D",4.5,180,2026-10-06,ninas-freunde-hundesalon.jpg,http://ninasfreunde.de/,2026-10-06,,logo: site header photo logo; hours: copied from Google Maps card (site has online booking widget without hours table)
GROOMING,McGroomer Hundesalons GmbH,mcgroomer-hundesalons,"Kurfürstendamm 132, 10711 Berlin",52.4970731,13.2927795,+49 800 1133885,hello@mcgroomer.com,http://www.mcgroomer.com/,https://www.instagram.com/mc_groomer_germany/,https://www.facebook.com/mc.groomer.germany,Spacious dog grooming salon on Kurfürstendamm providing breed styling and packages.,Großer Hundesalon am Kurfürstendamm für rassegerechte Komplettpflege und Pfotenpflege.,"McGroomer Hundesalons on Kurfürstendamm in Berlin provides grooming services for dogs. Treatments include bathing with shampoo and conditioner, blow-drying, breed-appropriate clipping or hand stripping, and paw and ear care.","McGroomer Hundesalons am Kurfürstendamm in Berlin bietet umfassende Pflegepakete für Hunde an. Zum Leistungsumfang gehören Baden mit Shampoo und Conditioner, Föhnen, rassegerechtes Scheren oder Trimmen sowie Ohren-, Augen- und Pfotenpflege.",mo 10:00-19:00; tu 10:00-19:00; we 10:00-19:00; th 10:00-19:00; fr 10:00-19:00; sa 10:00-19:00,http://www.mcgroomer.com/pages/berlin-ku-damm,2026-10-06,,,,,,,,,,"https://www.google.com/maps/place/McGroomer+Hundesalons+GmbH/@52.4970731,13.2927795,17z/data=!3m1!4b1!4m6!3m5!1s0x47a8511be850d2c1:0xe967ef37d4f77a42!8m2!3d52.4970731!4d13.2927795!16s%2Fg%2F11mdb1gl21?authuser=0&hl=de&entry=ttu&g_ep=EgoyMDI2MDkzMC4wIKXMDSoASAFQAw%3D%3D",4.8,172,2026-10-06,mcgroomer-hundesalons.png,http://www.mcgroomer.com/,2026-10-06,,"logo: site header PNG; prices: none (site preise page - packages described without numbers, booking on request); facts: none (site describes packages without specific fact codes)"
GROOMING,Fancy Groomers,fancy-groomers,"Joachim-Friedrich-Straße 21 SteinStraße 4 10119, Joachim-Friedrich-Straße 21, 10711 Berlin",52.4994998,13.2967594,+49 160 7027777,,,,,Dog grooming salon in Halensee offering coat clipping and pet styling services.,"Hundesalon in Halensee für Fellpflege, Scheren und Schneiden von Hunden.",Fancy Groomers is a dog grooming salon located on Joachim-Friedrich-Straße in Berlin-Halensee.,Fancy Groomers ist ein Hundesalon in der Joachim-Friedrich-Straße in Berlin-Halensee.,mo closed; tu 10:00-18:00; we 10:00-18:00; th 10:00-18:00; fr 10:00-18:00; sa 10:00-18:00; su closed,"https://www.google.com/maps/place/Fancy+Groomers/@52.4994998,13.2967594,17z/data=!3m1!4b1!4m6!3m5!1s0x47a851c55986f629:0x468c74f58f1701d!8m2!3d52.4994998!4d13.2967594!16s%2Fg%2F11svxjt7kx?authuser=0&hl=de&entry=ttu&g_ep=EgoyMDI2MDkzMC4wIKXMDSoASAFQAw%3D%3D",2026-10-06,,,,,,,,,,"https://www.google.com/maps/place/Fancy+Groomers/@52.4994998,13.2967594,17z/data=!3m1!4b1!4m6!3m5!1s0x47a851c55986f629:0x468c74f58f1701d!8m2!3d52.4994998!4d13.2967594!16s%2Fg%2F11svxjt7kx?authuser=0&hl=de&entry=ttu&g_ep=EgoyMDI2MDkzMC4wIKXMDSoASAFQAw%3D%3D",4.2,168,2026-10-06,,"https://www.google.com/maps/place/Fancy+Groomers/@52.4994998,13.2967594,17z/data=!3m1!4b1!4m6!3m5!1s0x47a851c55986f629:0x468c74f58f1701d!8m2!3d52.4994998!4d13.2967594!16s%2Fg%2F11svxjt7kx?authuser=0&hl=de&entry=ttu&g_ep=EgoyMDI2MDkzMC4wIKXMDSoASAFQAw%3D%3D",2026-10-06,,website: none (domain fancy-groomers.com does not exist NXDOMAIN); prices: none (no website); logo: none (no website); facts: none (no website); email: none (no website)
GROOMING,Hundesalon Chica Groom,hundesalon-chica-groom,"Raumerstraße 30, 10437 Berlin",52.5415216,13.4232119,+49 1520 2433344,chicagroom@gmail.com,https://chica-groom.com/,https://www.instagram.com/chica_groom,,"Grooming salon in Prenzlauer Berg providing gentle bath, clipping and hygiene care.","Hundesalon in Prenzlauer Berg für Haarschnitt, Baden, Bürsten und schonende Zahnpflege.","Hundesalon Chica Groom in Berlin-Prenzlauer Berg provides grooming packages for dogs of all sizes. Procedures include bathing, blow-drying, scissor clipping, brush-outs, claw care, and cosmetic teeth cleaning.","Der Hundesalon Chica Groom in Berlin-Prenzlauer Berg bietet strukturierte Pflegepakete für Hunde aller Gewichtsklassen an. Das Angebot umfasst Waschen, Trocknen, Scheren, Bürsten, Krallen- und Ohrenpflege sowie Ultraschall-Zahnreinigung.",tu 10:00-19:00; we 10:00-19:00; th 10:00-19:00; fr 10:00-19:00; sa 10:00-19:00,https://chica-groom.com/,2026-10-06,,,,,,,all_sizes,,,"https://www.google.com/maps/place/Hundesalon+Chica+Groom/@52.5415216,13.4232119,17z/data=!3m1!4b1!4m6!3m5!1s0x47a84dfa45c51e01:0x9e0989f5649842b3!8m2!3d52.5415216!4d13.4232119!16s%2Fg%2F11vy6mgtvc?authuser=0&hl=de&entry=ttu&g_ep=EgoyMDI2MDkzMC4wIKXMDSoASAFQAw%3D%3D",5.0,165,2026-10-06,hundesalon-chica-groom.png,https://chica-groom.com/,2026-10-06,,logo: site header PNG
GROOMING,VSV Tieren SPA UG,vsv-tieren-spa-charlottenburg,"Leibnizstraße 40, 10629 Berlin",52.5050873,13.3145934,+49 15560 454777,info.vsv.tieren.spa@gmail.com,https://www.vsv-tierenspa.de/,,,Grooming salon in Charlottenburg offering stress-free styling for dogs and cats.,"Hundesalon in Charlottenburg für sanfte Fellpflege, Scheren und Baden bei Hunden und Katzen.","VSV Tieren SPA in Berlin-Charlottenburg offers gentle, stress-free grooming for dogs and cats. Services include wash and dry treatments, full clipping, hand stripping, claw trimming, and feline styling.",VSV Tieren SPA in Berlin-Charlottenburg bietet professionelle Fellpflege für Hunde und Katzen aller Rassen. Das Spektrum reicht von Waschen und Föhnen über Komplettpflege und Handtrimmen bis hin zu Krallenschneiden und Katzenpflege.,mo 10:00-18:00; tu 10:00-18:00; we 10:00-18:00; th 10:00-18:00; fr 10:00-18:00; sa 10:00-18:00,https://www.vsv-tierenspa.de/,2026-10-06,,,,,,,cats;all_sizes;online_booking,,,"https://www.google.com/maps/place/VSV+Tieren+SPA+UG/@52.5050873,13.3145934,17z/data=!3m1!4b1!4m6!3m5!1s0x47a851034c1159dd:0xb6c48390922e6aea!8m2!3d52.5050873!4d13.3145934!16s%2Fg%2F11wvtlhl_d?authuser=0&hl=de&entry=ttu&g_ep=EgoyMDI2MDkzMC4wIKXMDSoASAFQAw%3D%3D",5.0,141,2026-10-06,vsv-tieren-spa-charlottenburg.png,https://www.vsv-tierenspa.de/,2026-10-06,,logo: site header PNG
