"category","name","google_maps_url","google_rating","google_rating_count","address","phone","website","opening_hours","observed_at","notes"
"GROOMING","VSV Tieren SPA","https://www.google.com/maps/place/VSV+Tieren+SPA/@52.4820126,13.2887845,17z/data=!3m1!4b1!4m6!3m5!1s0x47a851bd7d4d04e3:0xd9002a55d6206244!8m2!3d52.4820126!4d13.2887845!16s%2Fg%2F11y_y55lrq?hl=de&entry=ttu&g_ep=EgoyMDI2MDkzMC4wIKXMDSoASAFQAw%3D%3D","5.0","100","
Auguste-Viktoria-Straße 70, 14193 Berlin-Bezirk Charlottenburg-Wilmersdorf, Deutschland","+49 15560 454777","https://www.vsv-tierenspa.de/","mo 09:00-19:00; tu 09:00-19:00; we 09:00-19:00; th 09:00-19:00; fr 09:00-19:00; sa 09:00-19:00; su closed","2026-10-06",""
"GROOMING","Paws and Tails Mitte","https://www.google.com/maps/place/Paws+and+Tails+Mitte/@52.5335653,13.3709261,17z/data=!3m1!4b1!4m6!3m5!1s0x47a851fec79dd8b5:0x73431718017dd6d3!8m2!3d52.5335653!4d13.3709261!16s%2Fg%2F11wht_rm_r?hl=de&entry=ttu&g_ep=EgoyMDI2MDkzMC4wIKXMDSoASAFQAw%3D%3D","4.8","136","
Scharnhorststraße 26, 10115 Berlin, Deutschland","+49 1522 2004014","https://paws-tails.eu/","mo 09:30-18:00; tu 09:30-18:00; we 09:30-18:00; th 09:30-18:00; fr 09:30-18:00; sa 09:30-18:00; su closed","2026-10-06",""
"GROOMING","Hundesalon Kurfürstenstrasse Mariendorf","https://www.google.com/maps/place/Hundesalon+Kurf%C3%BCrstenstrasse+Mariendorf/@52.4483333,13.3797222,17z/data=!3m1!4b1!4m6!3m5!1s0x47a84551e28f11dd:0x5dcbfc37d5f2f9da!8m2!3d52.4483333!4d13.3797222!16s%2Fg%2F1tk6242v?hl=de&entry=ttu&g_ep=EgoyMDI2MDkzMC4wIKXMDSoASAFQAw%3D%3D","4.4","97","
Kurfürstenstraße 73, 12105 Berlin-Bezirk Tempelhof-Schöneberg, Deutschland","+49 30 7069762","http://xn--hundesalon-kurfrstenstrasse-mariendorf-v7d.de/","mo closed; tu 09:00-18:00; we 09:00-18:00; th 12:00-19:00; fr 09:00-18:00; sa closed; su closed","2026-10-06",""
"GROOMING","Lydias Hundestübchen","https://www.google.com/maps/place/Lydias+Hundest%C3%BCbchen/@52.5610071,13.4105555,17z/data=!3m1!4b1!4m6!3m5!1s0x47a852127bdcb8c9:0xb5c7938de8cb122d!8m2!3d52.5610071!4d13.4105555!16s%2Fg%2F1tcwq4yn?hl=de&entry=ttu&g_ep=EgoyMDI2MDkzMC4wIKXMDSoASAFQAw%3D%3D","4.4","102","
Maximilianstraße 47, 13187 Berlin-Bezirk Pankow, Deutschland","+49 30 91204664","","mo 10:00-15:00; tu 09:00-15:00; we 09:00-15:00; th 09:00-16:00; fr closed; sa closed; su closed","2026-10-06",""
"GROOMING","Hundesalon Maja&Dogs","https://www.google.com/maps/place/Hundesalon+Maja%26Dogs/@52.541277,13.3982995,17z/data=!3m1!4b1!4m6!3m5!1s0x47a851f7a8ffa641:0xf93c3c30801aa4b7!8m2!3d52.541277!4d13.3982995!16s%2Fg%2F11c2j56ll4?hl=de&entry=ttu&g_ep=EgoyMDI2MDkzMC4wIKXMDSoASAFQAw%3D%3D","4.6","134","
Vinetapl. 7, 13355 Berlin, Deutschland","+49 177 9178874","http://www.majaanddogs.de/","mo 09:00-17:00; tu 09:00-17:00; we 09:00-17:00; th 09:00-17:00; fr 09:00-16:00; sa closed; su closed","2026-10-06",""
