business_slug,field,quote,source_url,observed_at
deluxe-mobile-pet-grooming,facts:cats,Dogs & Cats Full-Service Grooming,https://deluxepetgrooming.com/?utm_source=google&utm_medium=gmb&utm_campaign=seo,2026-10-09
deluxe-mobile-pet-grooming,facts:online_booking,Call or Text to Book,https://deluxepetgrooming.com/?utm_source=google&utm_medium=gmb&utm_campaign=seo,2026-10-09
deluxe-mobile-pet-grooming,opening_hours,Monday – Sunday 7:00 AM – 7:00 PM,https://deluxepetgrooming.com/contactus,2026-10-09
deluxe-mobile-pet-grooming,description,"Yosuan and the Deluxe Mobile Pet Grooming team bring a full spa-quality groom for dogs and cats straight to your driveway — no crate rides, no crowded waiting rooms, no stress for your pet.",https://deluxepetgrooming.com/?utm_source=google&utm_medium=gmb&utm_campaign=seo,2026-10-09
pimp-my-dog-mobile-pet-grooming-services,opening_hours,Hours: Mon-Sat from 8am to 6pm,https://www.pimpmydog.net/dog-groomer-contact-north-miami,2026-10-09
pimp-my-dog-mobile-pet-grooming-services,description,"Pimp My Dog is a Miami based mobile pet groomer & a family business who started as a family fun, taking care, playing and bathing our dogs and...",https://www.pimpmydog.net/,2026-10-09
woof-gang-bakery-grooming-doral,facts:all_sizes,Care for All Breeds,https://woofgangbakery.com/pages/locations/doral,2026-10-09
woof-gang-bakery-grooming-doral,facts:online_booking,we strongly recommend booking a grooming appointment in advance,https://woofgangbakery.com/pages/locations/doral,2026-10-09
woof-gang-bakery-grooming-doral,opening_hours,Store hours: Monday – Thursday: 8 am – 9 pm Friday – Saturday: 8 am – 10 pm Sunday: 8 am – 9 pm,https://woofgangbakery.com/pages/locations/doral,2026-10-09
woof-gang-bakery-grooming-doral,description,"Woof Gang Bakery & Grooming Doral is your neighborhood pet store, offering full service grooming and a wide selection of nutritious pet treats and food.",https://woofgangbakery.com/pages/locations/doral,2026-10-09
woof-gang-bakery-grooming-aventura,facts:all_sizes,Care for All Breeds,https://woofgangbakery.com/pages/locations/aventura,2026-10-09
woof-gang-bakery-grooming-aventura,facts:online_booking,we strongly recommend booking a grooming appointment in advance,https://woofgangbakery.com/pages/locations/aventura,2026-10-09
woof-gang-bakery-grooming-aventura,opening_hours,Store hours: Monday – Saturday: 8 am – 6 pm Sunday: 9 am – 5 pm,https://woofgangbakery.com/pages/locations/aventura,2026-10-09
woof-gang-bakery-grooming-aventura,description,"Woof Gang Bakery & Grooming Aventura is your neighborhood pet store, offering full service grooming and a wide selection of nutritious pet treats and food.",https://woofgangbakery.com/pages/locations/aventura,2026-10-09
le-pet-salon-boutique,facts:all_sizes,"No matter the size, shape, or breed, we believe your dog or cat deserves the best.",https://lepetsalon.net/,2026-10-09
le-pet-salon-boutique,facts:cats,"No matter the size, shape, or breed, we believe your dog or cat deserves the best.",https://lepetsalon.net/,2026-10-09
le-pet-salon-boutique,facts:online_booking,"Same Day, Affordable Grooming, Highly Skilled Pet Stylist Book Now",https://lepetsalon.net/,2026-10-09
le-pet-salon-boutique,opening_hours,Monday to Friday 9:00 AM to 6:00 PM,https://lepetsalon.net/contact/,2026-10-09
le-pet-salon-boutique,description,Le Pet Salon & Spa prides itself on providing the utmost of care to both the client and their pets.,https://lepetsalon.net/,2026-10-09
animal-crackers,facts:card_payment,american express apple pay diners club discover master visa,https://animalcrackersdelivers.com/,2026-10-09
animal-crackers,facts:cats,All Cat Products,https://animalcrackersdelivers.com/,2026-10-09
animal-crackers,description,"Diet is the foundation of health. The fresher the diet, the more nutrients are available for the animal's system to utilize in building immunity, healing from illness and warding off disease.",https://animalcrackersdelivers.com/,2026-10-09
miami-s-pet-grooming-bird-road-store,description,"Professional pet grooming, including shaping, snipping, and coat maintenance in South Florida.",https://www.facebook.com/MiamisPetGrooming/,2026-10-09
palace-pet-grooming-and-boutique,facts:cats,"Yes, we offer grooming services for both dogs and cats.",https://palacepetgrooming.com/,2026-10-09
palace-pet-grooming-and-boutique,facts:online_booking,Sign In Create Account Bookings My Account,https://palacepetgrooming.com/,2026-10-09
palace-pet-grooming-and-boutique,opening_hours,Mon 09:00 am – 04:00 pm,https://palacepetgrooming.com/contact-us,2026-10-09
palace-pet-grooming-and-boutique,description,"We offer a variety of pet grooming services, including baths, haircuts, nail trims, and ear cleaning.",https://palacepetgrooming.com/,2026-10-09
woof-gang-bakery-key-biscayne,facts:all_sizes,Care for All Breeds,https://woofgangbakery.com/pages/locations/kb,2026-10-09
woof-gang-bakery-key-biscayne,facts:online_booking,we strongly recommend booking a grooming appointment in advance,https://woofgangbakery.com/pages/locations/kb,2026-10-09
woof-gang-bakery-key-biscayne,opening_hours,Store hours: Monday – Saturday: 8:30 AM – 7 PM Sunday: 9 AM – 5 PM,https://woofgangbakery.com/pages/locations/kb,2026-10-09
woof-gang-bakery-key-biscayne,description,"At Woof Gang Bakery & Grooming, we provide a personalized grooming experience that puts your pup’s health and happiness first.",https://woofgangbakery.com/pages/locations/kb,2026-10-09
poochie-on-your-block,opening_hours,MON - SAT: 9:00am - 5:00pm / SUN: Closed / MOBILE SERVICES: Call for Appointments,https://poochieonyourblock.com/contact-us/,2026-10-09
poochie-on-your-block,description,"Poochie On Your Block has a team of dedicated and passionate pet groomers for all your needs. Established over 15 years ago, we focus on pampering your pets in a safe and relaxed environment.",https://poochieonyourblock.com/,2026-10-09
woof-gang-bakery-grooming-aventura,price:full_groom,"Full Groom:  starting at $80",https://woofgangbakery.com/pages/locations/aventura,2026-10-10
woof-gang-bakery-grooming-aventura,price:bath_dry,"Luxury Bath:  starting at $60",https://woofgangbakery.com/pages/locations/aventura,2026-10-10
poochie-on-your-block,price:full_groom,"Full Groom Package Starting in: $60",https://poochieonyourblock.com/services/pet-grooming-salon/,2026-10-10
poochie-on-your-block,price:bath_dry,"Bath-Only Package Starting in: $40",https://poochieonyourblock.com/services/pet-grooming-salon/,2026-10-10
poochie-on-your-block,price:nail_trim,"Nail Clipping and Filling in: $20",https://poochieonyourblock.com/services/pet-grooming-salon/,2026-10-10

