"business_slug","field","quote","source_url","observed_at"
"petgrooming-company","description","PGC salon pro psy a kočky - Stříhání psů Praha 5","https://strihanipsu-praha5.cz/","2026-10-04"
"petgrooming-company","facts:cats","PGC salon pro psy a kočky - Stříhání psů Praha 5","https://strihanipsu-praha5.cz/","2026-10-04"
"petgrooming-company","facts:online_booking","ONLINE REZERVACE","https://strihanipsu-praha5.cz/","2026-10-04"
"petgrooming-company","facts:all_sizes","Pro psy - Malá plemena (= do 6kg)","https://strihanipsu-praha5.cz/cenik-sluzeb","2026-10-04"
"petgrooming-company","price:full_groom","Stříhání psů* 1),3),5),9) od 790 Kč","https://strihanipsu-praha5.cz/cenik-sluzeb","2026-10-04"
"petgrooming-company","price:hand_stripping","Trimování 1050 Kč","https://strihanipsu-praha5.cz/cenik-sluzeb","2026-10-04"
"petgrooming-company","price:bath_dry","Koupání* 9) od 550","https://strihanipsu-praha5.cz/cenik-sluzeb","2026-10-04"
"daisys-pet-grooming","description","Daisy's Pet Grooming | Stříhání psů Praha","http://www.daisysgrooming.cz/","2026-10-04"
"daisys-pet-grooming","facts:online_booking","Rezervační formulář","http://www.daisysgrooming.cz/","2026-10-04"
"daisys-pet-grooming","languages:en","🇬🇧 English ✓","http://www.daisysgrooming.cz/","2026-10-04"
"daisys-pet-grooming","languages:uk","🇺🇦 Українська ✓","http://www.daisysgrooming.cz/","2026-10-04"
"daisys-pet-grooming","languages:ru","🇷🇺 Русский ✓","http://www.daisysgrooming.cz/","2026-10-04"
"daisys-pet-grooming","price:full_groom","S do 5 kg a do 28 cm od 1 200 od 1 200 od 1 400 M do 10 kg a do 40 cm od 1 400 od 1 500 od 1 600 M+ do 20 kg a do 50 cm od 1 700 od 1 800 od 2 000 L do 40 kg a do 65 cm od 2 000 od 2 500 od 2 700 XL od 40 kg od 3 000 Všechny ceny jsou v Kč","http://www.daisysgrooming.cz/","2026-10-04"
"daisys-pet-grooming","price:nail_trim","Zkrácení drápků 250–350 Kč","http://www.daisysgrooming.cz/","2026-10-04"
"dogtown","description","péči o srst a hygienu psů všech velikostí a plemen","https://www.dogtown.cz/","2026-10-04"
"dogtown","opening_hours","Po - So: 10-19 hodin Ne: zavřeno","https://www.dogtown.cz/kontakt/","2026-10-04"
"dogtown","facts:all_sizes","péči o srst a hygienu psů všech velikostí a plemen","https://www.dogtown.cz/","2026-10-04"
"dogtown","facts:online_booking","Objednat pejska","https://www.dogtown.cz/salon-pro-psy","2026-10-04"
"dogtown","price:full_groom","XS Plemena Yorkshire teriér, Čivava 1300 Kč","https://www.dogtown.cz/salon-pro-psy","2026-10-04"
"dogtown","price:full_groom","Malý knírač 1500 Kč - 1700Kč","https://www.dogtown.cz/salon-pro-psy","2026-10-04"
"dogtown","price:full_groom","Kříženci středních plemen 2000 Kč - 2500 Kč","https://www.dogtown.cz/salon-pro-psy","2026-10-04"
"dogtown","price:bath_dry","mini knírač, toy pudl, pomeranian, štěňata od 950 Kč od 1000 Kč","https://www.dogtown.cz/salon-pro-psy","2026-10-04"
"dogtown","price:hand_stripping","Malý hrubosrstý jezevčík,Border teriér od 1 700 Kč Střední plemena (10 – 20 kg) Foxteriér,West highland white teriér,Irský teriér,Český teriér od 2000 Kč","https://www.dogtown.cz/salon-pro-psy","2026-10-04"
"dirty-dog","description","Psí salón a wellness Dirty Dog Praha 3 – Hartigova 100","http://www.salondirtydog.cz/","2026-10-04"
"dirty-dog","opening_hours","od pondělí do pátku v době od 9 do 19 hodin","http://www.salondirtydog.cz/","2026-10-04"
"dirty-dog","facts:cats","Úprava koček Je prováděná bez sedativ a vždy za přítomnosti majitele","http://www.salondirtydog.cz/","2026-10-04"
"dirty-dog","facts:all_sizes","jak malé, tak velké psí kamarády","http://www.salondirtydog.cz/","2026-10-04"
"dirty-dog","facts:owner_can_stay","Úprava koček Je prováděná bez sedativ a vždy za přítomnosti majitele","http://www.salondirtydog.cz/","2026-10-04"
"dirty-dog","price:bath_dry","malé plemeno : krátká srst: 700,- / střední a dlouhá srst: 800,- střední plemeno : krátká srst: 900,- / střední a dlouhá srst: 1000,-","http://www.salondirtydog.cz/","2026-10-04"
"dirty-dog","price:hand_stripping","Samostatné trimování: pouze trimování a čištění oušek, depilace zvukovodu, zaholení a olemování chloupků na tlapkách, zákrácení drápku, masaž a aplikace balzámu na polštářky, zaholení a zastřižení chloupků pod ocasem a v oblasti třísel pro lepší hygienu, zavěrečný styling a parfem. Cena: malé plemeno : 1200,-","http://www.salondirtydog.cz/","2026-10-04"
"dirty-dog","price:cat_groom","Vyčesávání / střih koček : 1200,- (pouze v přítomnosti majitele)","http://www.salondirtydog.cz/","2026-10-04"
"psi-salon-zoostyle","description","Nabízíme úpravy psů a koček všech plemen, koupání mazlíčků, stříhání drápů a čištění uší","https://www.zoostyle.cz/","2026-10-04"
"psi-salon-zoostyle","opening_hours","Po-Pá: 10:00 — 19:00 * So: 10:00 — 15:00 * Ne: víkend","https://www.zoostyle.cz/","2026-10-04"
"psi-salon-zoostyle","languages:en","Mluvíme česky, anglicky a rusky.","https://www.zoostyle.cz/","2026-10-04"
"psi-salon-zoostyle","languages:ru","Mluvíme česky, anglicky a rusky.","https://www.zoostyle.cz/","2026-10-04"
"psi-salon-zoostyle","facts:cats","Nabízíme úpravy psů a koček všech plemen, koupání mazlíčků, stříhání drápů a čištění uší","https://www.zoostyle.cz/","2026-10-04"
"psi-salon-zoostyle","facts:all_sizes","Při práci s malými i velkými plemeny","https://www.zoostyle.cz/","2026-10-04"
"psi-salon-zoostyle","price:full_groom","Stříhání psů (kompletní úprava) od 1350 Kč od 1650 Kč od 1950 Kč od 2250 Kč","https://www.zoostyle.cz/","2026-10-04"
"psi-salon-zoostyle","price:hand_stripping","Trimování psů 600 Kč/hod","https://www.zoostyle.cz/","2026-10-04"
"psi-salon-zoostyle","price:bath_dry","Mytí a fénování (psi) od 700 Kč","https://www.zoostyle.cz/","2026-10-04"
"psi-salon-zoostyle","price:deshedding","Vyčesání psů od 1200 Kč","https://www.zoostyle.cz/","2026-10-04"
"psi-salon-zoostyle","price:cat_groom","Stříhání koček od 1100 Kč","https://www.zoostyle.cz/","2026-10-04"
"psi-salon-zoostyle","price:nail_trim","Stříhání drápů 120 Kč 150 Kč 200 Kč 250 Kč","https://www.zoostyle.cz/","2026-10-04"
"psi-salon-adylatre","description","Psí salón ADYLA TRE PREMIUM DOG SERVICES byl založen v Únoru roku 2016 Adélou Pánkovou","https://www.psisrst.com/","2026-10-04"
"psi-salon-adylatre","facts:all_sizes","disponuje mycím koutem pro velké psy","https://www.psisrst.com/","2026-10-04"
"psi-salon-adylatre","facts:online_booking","Pro jednodušší rezervaci využijte náš ONLINE REZERVAČNÍ SYSTÉM","https://www.psisrst.com/","2026-10-04"
"psi-salon-adylatre","price:full_groom","Kompletní střihová péče XS pes Kompletní střihová péče XS pes Miniaturní Yorkshire, miniaturní maltézáček a jim... Zobrazit podrobnosti 1 000 Kč","https://adyla-tre-grooming.reservio.com","2026-10-09"
"psi-salon-adylatre","price:full_groom","Kompletní střihová péče L pes Kompletní střihová péče L pes Královský pudl, Portugalský vodní pes, Lagotto a jim podobná... Zobrazit podrobnosti 2 200 Kč","https://adyla-tre-grooming.reservio.com","2026-10-09"
"d-bednarova","description","Dobrý den. Jmenuji se Dana Bednářová a stříhání pejsků se věnuji od roku 2003 . Jsem členkou Asociace střihačů České republiky","http://www.upravapsu.websnadno.cz/","2026-10-04"
"d-bednarova","opening_hours","pejsky stříhám dle domluvy i o víkendech nebo ve všedních dnech v odpoledních hodinách pouze po telefonickém objednání","http://www.upravapsu.websnadno.cz/Kontakt.html","2026-10-04"
"d-bednarova","facts:owner_can_stay","Majitel samozřejmě může být přítomen po celou dobu úpravy pejska","http://www.upravapsu.websnadno.cz/","2026-10-04"
"d-bednarova","price:bath_dry","Koupání + fénování - dle velikosti od 400,- Kč","http://www.upravapsu.websnadno.cz/Cenik.html","2026-10-04"
"d-bednarova","price:full_groom","JORKŠÍREK od 500,- Kč","http://www.upravapsu.websnadno.cz/Cenik.html","2026-10-04"
"pets-and-spa-grooming-studio","description","Pet’s & Spa Grooming studio | Salon pro psy i kočky v Praze","https://petsgroomingspa.cz/","2026-10-04"
"pets-and-spa-grooming-studio","languages:en","Pet’s & Spa Grooming studio | Dog and Cat Salon in Prague","https://petsgroomingspa.cz/en/","2026-10-04"
"pets-and-spa-grooming-studio","facts:cats","Pet’s & Spa Grooming studio | Salon pro psy i kočky v Praze","https://petsgroomingspa.cz/","2026-10-04"
"pets-and-spa-grooming-studio","facts:all_sizes","Služba XS do 4 kg 30 cm S do 10 kg 30–40 cm M do 20 kg 40–56 cm L do 30 kg 56–65 cm XL 30+ kg 65+ cm","https://petsgroomingspa.cz/sluzby/","2026-10-04"
"pets-and-spa-grooming-studio","facts:online_booking","Objednat termín","https://petsgroomingspa.cz/","2026-10-04"
"pets-and-spa-grooming-studio","price:full_groom","Jorkšírský teriér, Biewer, Maltézský psík Rozčesávání, koupání, stříhání drápků, čištění uší, klasický střih. 1 500 1 800","https://petsgroomingspa.cz/sluzby/","2026-10-04"
"pet-house-grooming-prague","description","V našem psím salonu v Praze se specializujeme na profesionální stříhání a úpravy srsti vašich miláčků","https://www.pet-house.cz/","2026-10-04"
"pet-house-grooming-prague","languages:en","Jazyky Čeština English Русский","https://www.pet-house.cz/","2026-10-04"
"pet-house-grooming-prague","languages:ru","Jazyky Čeština English Русский","https://www.pet-house.cz/","2026-10-04"
"pet-house-grooming-prague","facts:cats","Vyčesávání/Střih KOČEK Mytí KOČEK 1100 Kč 800 Kč","https://www.pet-house.cz/cenik/","2026-10-04"
"pet-house-grooming-prague","facts:all_sizes","malé plemeno do 3 kg: krátká srst 700 kc / střední a dlouhá srst: 800 kc","https://www.pet-house.cz/cenik/","2026-10-04"
"pet-house-grooming-prague","price:bath_dry","malé plemeno do 3 kg: krátká srst 700 kc / střední a dlouhá srst: 800 kc","https://www.pet-house.cz/cenik/","2026-10-04"
"pet-house-grooming-prague","price:cat_groom","Vyčesávání/Střih KOČEK Mytí KOČEK 1100 Kč 800 Kč","https://www.pet-house.cz/cenik/","2026-10-04"
