business_slug,price_code,weight_from_kg,weight_to_kg,price_from,price_to,currency,source_url,observed_at,notes,unit,partial,note,note_local
wunderschnitt-hundesalon,full_groom,,,115,,EUR,https://www.wunderschnitt.at/dog-spa,2026-10-05,"Für Langhaar-Rassen Ab € 115,-",,,,
wunderschnitt-hundesalon,bath_dry,,,55,,EUR,https://www.wunderschnitt.at/dog-spa,2026-10-05,"Föhnen Für Langhaar-Rassen Ab € 55,-",,,,
souldog,full_groom,,,65,150,EUR,https://souldog.at/groomerei/,2026-10-05,"langhaariger Chihuahua, Toypudel) 65€ / Bobteil, Samojede) 150€",,,,
souldog,bath_dry,,,38,75,EUR,https://souldog.at/groomerei/,2026-10-05,MINI HUNDE (z.B. Kurzhaariger Chihuahua) 38€ / Bologneser ... 75€,,,,
souldog,hand_stripping,,,110,,EUR,https://souldog.at/groomerei/,2026-10-05,GROßE HUNDE (z.B. Airedale Terrier) 110€,,,,
souldog,nail_trim,,,12,,EUR,https://souldog.at/groomerei/,2026-10-05,Krallenschneiden mit Feilen 12€,,,,
the-dog-care-company,full_groom,,,55,120,EUR,https://www.thedogcarecompany.at/leistungen--preise,2026-10-05,"(z.B. Chihuahua, Japan Chin) ab EUR 55,- / ab EUR 120,-",,,,
the-dog-care-company,cat_groom,,,45,,EUR,https://www.thedogcarecompany.at/leistungen--preise,2026-10-05,"Katzen ab EUR 45,-",,,,
dogsclub,bath_dry,,,49,,EUR,https://www.dogsclub.at/leistungen,2026-10-05,"Mini Hunde ab € 49,00",,,,
dogsclub,full_groom,,,87,,EUR,https://www.dogsclub.at/leistungen,2026-10-05,"Maschinen Schnitt Kleine Hunde ab € 87,00",,,,
dogsclub,hand_stripping,,,35,,EUR,https://www.dogsclub.at/leistungen,2026-10-05,"Preis pro 30 Minuten € 35,-",,,,
dogsclub,nail_trim,,,9,,EUR,https://www.dogsclub.at/leistungen,2026-10-05,"Krallenscheniden alleine € 9,00",,,,
