category,name,google_maps_url,google_rating,google_rating_count,address,phone,website,opening_hours,observed_at,notes
VET_CLINIC,felmo Mobiler Tierarzt München,"https://www.google.com/maps/place/felmo+Mobiler+Tierarzt+M%C3%BCnchen/@48.134753,11.658236,17z/data=!3m1!4b1!4m6!3m5!1s0x479e0ba12bc5db59:0x59666aa80228880f!8m2!3d48.134753!4d11.658236!16s%2Fg%2F11qnbrsvqd?authuser=0&hl=de&entry=ttu&g_ep=EgoyMDI2MDkzMC4wIKXMDSoASAFQAw%3D%3D",4.8,2629,"Am Moosfeld 13, 81829 München",+49 89 21093270,https://felmo.de/tierarzt/muenchen?utm_medium=referral&utm_source=google_my_business&utm_term=muenchen,"mo 08:00-20:00; tu 08:00-18:00; we 08:00-18:00; th 08:00-18:00; fr 08:00-18:00; sa 08:00-18:00; su closed",2026-10-06,
VET_CLINIC,Kleintierklinik der LMU München,"https://www.google.com/maps/place/Kleintierklinik+der+LMU+M%C3%BCnchen/@48.1519806,11.5869797,17z/data=!3m1!4b1!4m6!3m5!1s0x479e7594609b695d:0x9270c591662cceb8!8m2!3d48.1519806!4d11.5869797!16s%2Fg%2F11b6d1lr68?authuser=0&hl=de&entry=ttu&g_ep=EgoyMDI2MDkzMC4wIKXMDSoASAFQAw%3D%3D",4.3,1230,"Veterinärstraße 13, 80539 München",+49 89 21802650,https://www.med.vetmed.uni-muenchen.de/index.html,"mo 24h; tu 24h; we 24h; th 24h; fr 24h; sa 24h; su 24h",2026-10-06,
VET_CLINIC,filu Tierarztpraxis Theresienwiese - Allgemein- und Notfallmedizin,"https://www.google.com/maps/place/filu+Tierarztpraxis+Theresienwiese+-+Allgemein-+und+Notfallmedizin/@48.1356131,11.5555936,17z/data=!3m1!4b1!4m6!3m5!1s0xa25fde0a2a754f6b:0x2b8e95417d12fb9d!8m2!3d48.1356131!4d11.5555936!16s%2Fg%2F11scqxf0_r?authuser=0&hl=de&entry=ttu&g_ep=EgoyMDI2MDkzMC4wIKXMDSoASAFQAw%3D%3D",4.7,822,"Paul-Heyse-Straße 28, 80336 München",+49 89 12086780,https://www.filu.vet/standorte/theresienwiese?utm_source=google&utm_medium=gmb,"mo 08:15-20:00; tu 08:15-20:00; we 08:15-20:00; th 08:15-20:00; fr 08:15-20:00; sa 08:15-18:00; su closed",2026-10-06,
VET_CLINIC,"Tierarzt München, Team für Tiere – Tierarztpraxis am Gasteig (vormals Dr. Maul & Dr. Herget)","https://www.google.com/maps/place/Tierarzt+M%C3%BCnchen,+Team+f%C3%BCr+Tiere+%E2%80%93+Tierarztpraxis+am+Gasteig+(vormals+Dr.+Maul+%26+Dr.+Herget)/@48.1327686,11.5918449,17z/data=!3m1!4b1!4m6!3m5!1s0x479ddf7ca52d5fc3:0x21a35afb38181d4f!8m2!3d48.1327686!4d11.5918449!16s%2Fg%2F1vgw7mj2?authuser=0&hl=de&entry=ttu&g_ep=EgoyMDI2MDkzMC4wIKXMDSoASAFQAw%3D%3D",4.7,559,"Innere Wiener Straße 8, 81667 München",+49 89 99952010,https://www.tierarzt-muenchen.de/,"mo 08:30-13:30,15:30-19:00; tu 08:30-13:30,15:30-19:00; we 08:30-13:30,15:30-19:00; th 08:30-13:30,15:30-19:00; fr 08:30-13:30,15:30-19:00; sa 10:00-12:00; su closed",2026-10-06,
VET_CLINIC,filu Tierarztpraxis Schwabing - Allgemein- und Notfallmedizin,"https://www.google.com/maps/place/filu+Tierarztpraxis+Schwabing+-+Allgemein-+und+Notfallmedizin/@48.1642872,11.5640235,17z/data=!3m1!4b1!4m6!3m5!1s0x479e7501c09e3a33:0xfebf02047afa012!8m2!3d48.1642872!4d11.5640235!16s%2Fg%2F11vrdl2wsm?authuser=0&hl=de&entry=ttu&g_ep=EgoyMDI2MDkzMC4wIKXMDSoASAFQAw%3D%3D",4.7,460,"Schleißheimer Str. 141, 80797 München",+49 89 38038398,https://www.filu.vet/standorte/schwabing?utm_source=google&utm_medium=gmb,"mo 08:15-20:00; tu 08:15-20:00; we 08:15-20:00; th 08:15-20:00; fr 08:15-20:00; sa 08:15-18:00; su closed",2026-10-06,
VET_CLINIC,"Tierarzt München, Tierarztpraxis Hadern","https://www.google.com/maps/place/Tierarzt+M%C3%BCnchen,+Tierarztpraxis+Hadern/@48.1167427,11.5027985,17z/data=!3m1!4b1!4m6!3m5!1s0x479dd8f31b3e0e8b:0x4a8f1794d1fbe2ef!8m2!3d48.1167427!4d11.5027985!16s%2Fg%2F1tdp8m06?authuser=0&hl=de&entry=ttu&g_ep=EgoyMDI2MDkzMC4wIKXMDSoASAFQAw%3D%3D",4.7,453,"Fürstenrieder Str. 217, 81377 München",+49 89 72402492,https://tierarzt-hadern.de/,"mo 08:00-13:00,15:00-18:30; tu 08:00-13:00,15:00-18:30; we 08:00-13:00,15:00-18:30; th 08:00-13:00,15:00-18:30; fr 08:00-13:00,15:00-18:30; sa closed; su closed",2026-10-06,
VET_CLINIC,Tierarztpraxis Siems,"https://www.google.com/maps/place/Tierarztpraxis+Siems/@48.1135911,11.5119499,17z/data=!3m1!4b1!4m6!3m5!1s0x479dd8e9d322e915:0x93ac15175f32e8d4!8m2!3d48.1135911!4d11.5119499!16s%2Fg%2F1tkjk5br?authuser=0&hl=de&entry=ttu&g_ep=EgoyMDI2MDkzMC4wIKXMDSoASAFQAw%3D%3D",4.8,447,"Habacher Str. 67, 81377 München",+49 89 78582200,https://tierarztpraxis-drsiems.de/?utm_source=google&utm_medium=organic&utm_campaign=unternehmensprofil,"mo 10:00-12:30,16:00-18:30; tu 10:00-12:30,17:00-20:00; we 16:00-18:00; th 17:00-20:00; fr 10:00-12:30,16:00-18:30; sa closed; su closed",2026-10-06,
VET_CLINIC,Kleintierklinik München Riem - Dres. med. vet. Lutz,"https://www.google.com/maps/place/Kleintierklinik+M%C3%BCnchen+Riem+-+Dres.+med.+vet.+Lutz/@48.1401286,11.6811747,17z/data=!3m1!4b1!4m6!3m5!1s0x479e0abe18e1d64b:0xf16e349be3bf11d4!8m2!3d48.1401286!4d11.6811747!16s%2Fg%2F1tt8b7gm?authuser=0&hl=de&entry=ttu&g_ep=EgoyMDI2MDkzMC4wIKXMDSoASAFQAw%3D%3D",4.7,433,"Martin-Empl-Ring 3, 81829 München",+49 89 908670,https://www.kleintierklinik-lutz.vet/,"mo 24h; tu 24h; we 24h; th 24h; fr 24h; sa 24h; su 24h",2026-10-06,
VET_CLINIC,Corinna Thumm u. Melanie Götzke GbR Tierärztliche Gemeinschaftspraxis,"https://www.google.com/maps/place/Corinna+Thumm+u.+Melanie+G%C3%B6tzke+GbR+Tier%C3%A4rztliche+Gemeinschaftspraxis/@48.1067747,11.524091,17z/data=!3m1!4b1!4m6!3m5!1s0x479dd8d08e73dfc9:0xe3ddc35388f31c96!8m2!3d48.1067747!4d11.524091!16s%2Fg%2F113gmrmx7?authuser=0&hl=de&entry=ttu&g_ep=EgoyMDI2MDkzMC4wIKXMDSoASAFQAw%3D%3D",4.8,398,"Hirsch-Gereuth-Straße 70, 81369 München",+49 89 7194243,https://www.muenchen-tierarzt.de/,"mo 09:00-11:00,14:00-18:00; tu 09:00-11:00,17:00-20:00; we 17:00-20:00; th 09:00-11:00,14:00-18:00; fr 09:00-11:00,14:00-18:00; sa 09:00-10:00; su closed",2026-10-06,
VET_CLINIC,Tierarztpraxis Dr. Heubeck,"https://www.google.com/maps/place/Tierarztpraxis+Dr.+Heubeck/@48.1008017,11.5886823,17z/data=!3m1!4b1!4m6!3m5!1s0x479ddfa6f94c26e5:0xa784b0f5035e016!8m2!3d48.1008017!4d11.5886823!16s%2Fg%2F1hc19304r?authuser=0&hl=de&entry=ttu&g_ep=EgoyMDI2MDkzMC4wIKXMDSoASAFQAw%3D%3D",4.9,356,"Traunsteiner Str. 34, 81549 München",+49 89 6906600,http://www.tierarztpraxis-heubeck.de/,"mo 09:00-12:00,15:00-18:00; tu 09:00-12:00,14:00-17:00; we 09:00-12:00,15:00-18:00; th 09:00-12:00,16:00-19:00; fr 09:00-12:00,15:00-18:00; sa 10:00-12:00; su closed",2026-10-06,
