business_slug,field,quote,source_url,observed_at
felmo-mobiler-tierarzt-muenchen,description,felmo bietet ein umfassendes Angebot an tierärztlichen Leistungen im Hausbesuch.,https://felmo.de/tierarzt/muenchen,2026-10-06
felmo-mobiler-tierarzt-muenchen,home_visits,felmo bietet ein umfassendes Angebot an tierärztlichen Leistungen im Hausbesuch.,https://felmo.de/tierarzt/muenchen,2026-10-06
felmo-mobiler-tierarzt-muenchen,facts:online_booking,Terminbuchung online Auf unserer Website kannst du einfach deine PLZ eingeben und dir deinen Wunschtermin aussuchen.,https://felmo.de/tierarzt/muenchen,2026-10-06
kleintierklinik-der-lmu-muenchen,description,"Unsere Vision ist erstklassige Tiermedizin in allen unseren Fachgebieten, um die Gesundheit von Hunden und Katzen zu bewahren, kranke Tiere mit der bestmöglichen Therapie zu heilen und ihnen neue Lebensqualität zu schenken.",https://www.med.vetmed.uni-muenchen.de/index.html,2026-10-06
kleintierklinik-der-lmu-muenchen,emergency_note,Im Notfall kommen Sie bitte direkt in die Klinik!,https://www.med.vetmed.uni-muenchen.de/index.html,2026-10-06
kleintierklinik-der-lmu-muenchen,languages:en,Zur englischen Sprachversion / Switch to English,https://www.med.vetmed.uni-muenchen.de/index.html,2026-10-06
kleintierklinik-der-lmu-muenchen,facts:online_booking,Gerne können Sie als Tierhalterin oder Tierhalter auch online einen Termin vereinbaren.,https://www.med.vetmed.uni-muenchen.de/index.html,2026-10-06
filu-tierarztpraxis-theresienwiese,description,"Unsere Praxis verfügt über ein eigenes Labor für schnelle Blut- und Urinuntersuchungen, zwei voll ausgestattete Operationsräume (einer für Weichteilchirurgie, einer für Zahnbehandlungen), digitales Röntgen, Ultraschall sowie modernste Geräte für Diagnostik, Überwachung und Behandlung.",https://www.filu.vet/standorte/theresienwiese,2026-10-06
filu-tierarztpraxis-theresienwiese,emergency_note,"Ja, wir bieten Notfallversorgung, Operationen und Zahnbehandlungen an.",https://www.filu.vet/standorte/theresienwiese,2026-10-06
filu-tierarztpraxis-theresienwiese,languages:en,Das Team Theresienwiese spricht Deutsch und Englisch.,https://www.filu.vet/standorte/theresienwiese,2026-10-06
filu-tierarztpraxis-theresienwiese,facts:online_booking,Du kannst ganz einfach online hier einen Termin buchen oder uns unter 0049 89 12086780 anrufen.,https://www.filu.vet/standorte/theresienwiese,2026-10-06
filu-tierarztpraxis-theresienwiese,facts:cats_waiting_room,Spezielle Wartebereiche für Katzen und Hunde sorgen für eine stressfreie Umgebung für deine Vierbeiner.,https://www.filu.vet/standorte/theresienwiese,2026-10-06
filu-tierarztpraxis-theresienwiese,specialties:surgery,"Ja, wir bieten Notfallversorgung, Operationen und Zahnbehandlungen an.",https://www.filu.vet/standorte/theresienwiese,2026-10-06
filu-tierarztpraxis-theresienwiese,specialties:dentistry,"Ja, wir bieten Notfallversorgung, Operationen und Zahnbehandlungen an.",https://www.filu.vet/standorte/theresienwiese,2026-10-06
filu-tierarztpraxis-theresienwiese,specialties:internal-medicine,Schwerpunkte Innere Medizin Notfallmedizin Ultraschall Neurologie,https://www.filu.vet/standorte/theresienwiese,2026-10-06
filu-tierarztpraxis-theresienwiese,specialties:neurology,Schwerpunkte Innere Medizin Notfallmedizin Ultraschall Neurologie,https://www.filu.vet/standorte/theresienwiese,2026-10-06
filu-tierarztpraxis-theresienwiese,specialties:ultrasound,Schwerpunkte Innere Medizin Notfallmedizin Ultraschall Neurologie,https://www.filu.vet/standorte/theresienwiese,2026-10-06
filu-tierarztpraxis-theresienwiese,specialties:x-ray,"Unsere Praxis verfügt über ein eigenes Labor für schnelle Blut- und Urinuntersuchungen, zwei voll ausgestattete Operationsräume (einer für Weichteilchirurgie, einer für Zahnbehandlungen), digitales Röntgen, Ultraschall sowie modernste Geräte für Diagnostik, Überwachung und Behandlung.",https://www.filu.vet/standorte/theresienwiese,2026-10-06
filu-tierarztpraxis-theresienwiese,specialties:laboratory,"Unsere Praxis verfügt über ein eigenes Labor für schnelle Blut- und Urinuntersuchungen, zwei voll ausgestattete Operationsräume (einer für Weichteilchirurgie, einer für Zahnbehandlungen), digitales Röntgen, Ultraschall sowie modernste Geräte für Diagnostik, Überwachung und Behandlung.",https://www.filu.vet/standorte/theresienwiese,2026-10-06
filu-tierarztpraxis-theresienwiese,specialties:orthopedics,Dr. Oliver Nolte Tierarzt Chirurgie (GPCert) Care Team Schwerpunkte Chirurgie Zahnheilkunde Orthopädie Innere Medizin,https://www.filu.vet/standorte/theresienwiese,2026-10-06
filu-tierarztpraxis-theresienwiese,specialties:cardiology,Dr. Florian Traub Freelance Tierarzt Care Team Schwerpunkte Kardiologie,https://www.filu.vet/standorte/theresienwiese,2026-10-06
tierarztpraxis-am-gasteig,description,Gemeinsam verfügen wir in unserer Tierarztpraxis in München über mehr als 20 Jahre Erfahrung in der Tiermedizin.,https://www.tierarzt-muenchen.de/leistungen,2026-10-06
tierarztpraxis-am-gasteig,emergency_note,Auch außerhalb unserer Öffnungszeiten steht Ihnen unsere Rufbereitschaft zu diesen Zeiten zur Verfügung,https://www.tierarzt-muenchen.de/notdienst-notfall,2026-10-06
tierarztpraxis-am-gasteig,home_visits,In begründeten Einzelfällen sind Hausbesuche nach Absprache möglich.,https://www.tierarzt-muenchen.de/fragen-antworten,2026-10-06
tierarztpraxis-am-gasteig,facts:online_booking,Termine vereinbaren Sie bequem online oder telefonisch.,https://www.tierarzt-muenchen.de/fragen-antworten,2026-10-06
tierarztpraxis-am-gasteig,specialties:surgery,"Chirurgie Weichteil-, Tumor- und Magen-Darm-Eingriffe sowie Kastrationen",https://www.tierarzt-muenchen.de/leistungen,2026-10-06
tierarztpraxis-am-gasteig,specialties:dentistry,Zahnheilkunde Zahnsanierung und -extraktion an unserer modernen Zahnstation,https://www.tierarzt-muenchen.de/leistungen,2026-10-06
tierarztpraxis-am-gasteig,specialties:dermatology,Dermatologie Hautdiagnostik zur Abklärung von Fell- und Hautveränderungen,https://www.tierarzt-muenchen.de/leistungen,2026-10-06
tierarztpraxis-am-gasteig,specialties:ophthalmology,Augenheilkunde Augeninnendruckmessung mittels Tonometer für die Augengesundheit,https://www.tierarzt-muenchen.de/leistungen,2026-10-06
tierarztpraxis-am-gasteig,specialties:ultrasound,Ultraschall Umfassende Sonografie von Abdomen und Herz,https://www.tierarzt-muenchen.de/leistungen,2026-10-06
tierarztpraxis-am-gasteig,specialties:x-ray,Digitales Röntgen,https://www.tierarzt-muenchen.de/leistungen,2026-10-06
tierarztpraxis-am-gasteig,specialties:laboratory,Inhouse Labor für Blut und Urinuntersuchungen,https://www.tierarzt-muenchen.de/leistungen,2026-10-06
filu-tierarztpraxis-schwabing,description,"Unsere Praxis verfügt über ein eigenes Labor für schnelle Blut- und Urinuntersuchungen, zwei voll ausgestattete Operationsräume (einer für Weichteilchirurgie, einer für Zahnbehandlungen), digitales Röntgen, Ultraschall sowie weitere moderne Geräte für Diagnostik, Überwachung und Behandlung.",https://www.filu.vet/standorte/schwabing,2026-10-06
filu-tierarztpraxis-schwabing,emergency_note,"Ja, wir bieten Notfallversorgung, Operationen und Zahnbehandlungen an.",https://www.filu.vet/standorte/schwabing,2026-10-06
filu-tierarztpraxis-schwabing,languages:en,Das Team in Schwabing spricht Deutsch und Englisch.,https://www.filu.vet/standorte/schwabing,2026-10-06
filu-tierarztpraxis-schwabing,facts:online_booking,Du kannst ganz einfach online hier einen Termin buchen oder uns unter 0049 89 38038398 anrufen.,https://www.filu.vet/standorte/schwabing,2026-10-06
filu-tierarztpraxis-schwabing,facts:cats_waiting_room,Spezielle Wartebereiche für Katzen und Hunde sorgen für eine stressfreie Umgebung für deine Vierbeiner.,https://www.filu.vet/standorte/schwabing,2026-10-06
filu-tierarztpraxis-schwabing,specialties:surgery,"Unsere Praxis verfügt über ein eigenes Labor für schnelle Blut- und Urinuntersuchungen, zwei voll ausgestattete Operationsräume (einer für Weichteilchirurgie, einer für Zahnbehandlungen), digitales Röntgen, Ultraschall sowie weitere moderne Geräte für Diagnostik, Überwachung und Behandlung.",https://www.filu.vet/standorte/schwabing,2026-10-06
filu-tierarztpraxis-schwabing,specialties:dentistry,"Unsere Praxis verfügt über ein eigenes Labor für schnelle Blut- und Urinuntersuchungen, zwei voll ausgestattete Operationsräume (einer für Weichteilchirurgie, einer für Zahnbehandlungen), digitales Röntgen, Ultraschall sowie weitere moderne Geräte für Diagnostik, Überwachung und Behandlung.",https://www.filu.vet/standorte/schwabing,2026-10-06
filu-tierarztpraxis-schwabing,specialties:x-ray,"Unsere Praxis verfügt über ein eigenes Labor für schnelle Blut- und Urinuntersuchungen, zwei voll ausgestattete Operationsräume (einer für Weichteilchirurgie, einer für Zahnbehandlungen), digitales Röntgen, Ultraschall sowie weitere moderne Geräte für Diagnostik, Überwachung und Behandlung.",https://www.filu.vet/standorte/schwabing,2026-10-06
filu-tierarztpraxis-schwabing,specialties:ultrasound,"Unsere Praxis verfügt über ein eigenes Labor für schnelle Blut- und Urinuntersuchungen, zwei voll ausgestattete Operationsräume (einer für Weichteilchirurgie, einer für Zahnbehandlungen), digitales Röntgen, Ultraschall sowie weitere moderne Geräte für Diagnostik, Überwachung und Behandlung.",https://www.filu.vet/standorte/schwabing,2026-10-06
filu-tierarztpraxis-schwabing,specialties:laboratory,"Unsere Praxis verfügt über ein eigenes Labor für schnelle Blut- und Urinuntersuchungen, zwei voll ausgestattete Operationsräume (einer für Weichteilchirurgie, einer für Zahnbehandlungen), digitales Röntgen, Ultraschall sowie weitere moderne Geräte für Diagnostik, Überwachung und Behandlung.",https://www.filu.vet/standorte/schwabing,2026-10-06
filu-tierarztpraxis-schwabing,specialties:ophthalmology,"Dr. Ortrun Rössler Oberärztin Fachtierärztin Klein-/Heimtiere, Augenheilkunde (GPCert) Care Team Schwerpunkte Chirurgie Augenheilkunde Innere Medizin Heimtiere",https://www.filu.vet/standorte/schwabing,2026-10-06
filu-tierarztpraxis-schwabing,specialties:internal-medicine,"Dr. Ortrun Rössler Oberärztin Fachtierärztin Klein-/Heimtiere, Augenheilkunde (GPCert) Care Team Schwerpunkte Chirurgie Augenheilkunde Innere Medizin Heimtiere",https://www.filu.vet/standorte/schwabing,2026-10-06
filu-tierarztpraxis-schwabing,specialties:cardiology,Dr. Florian Traub Freelance Tierarzt Care Team Schwerpunkte Kardiologie,https://www.filu.vet/standorte/schwabing,2026-10-06
tierarztpraxis-hadern,description,"Schön, dass Sie hier sind. Auf den nächsten Seiten erfahren Sie alles über unsere Leistungen und lernen unser hochqualifiziertes Team kennen, das sich liebevoll um Zwei- und Vierbeiner kümmert.",https://tierarzt-hadern.de/,2026-10-06
tierarztpraxis-hadern,facts:online_booking,Termin: Hier online vereinbaren,https://tierarzt-hadern.de/,2026-10-06
tierarztpraxis-hadern,facts:cats_waiting_room,"Freundliche Atmosphäre, getrennter Wartebereich für Hunde und Katzen, bestens ausgestattete OP- und Behandlungsräume",https://tierarzt-hadern.de/,2026-10-06
tierarztpraxis-hadern,specialties:internal-medicine,"Damit das gelingt, bieten wir ein vielfältiges Leistungsspektrum: von der Vorsorge über Diagnostik und Innere Medizin bis hin zur Chirurgie.",https://www.tierarzt-hadern.de/leistungen/,2026-10-06
tierarztpraxis-hadern,specialties:surgery,"Damit das gelingt, bieten wir ein vielfältiges Leistungsspektrum: von der Vorsorge über Diagnostik und Innere Medizin bis hin zur Chirurgie.",https://www.tierarzt-hadern.de/leistungen/,2026-10-06
tierarztpraxis-hadern,specialties:dentistry,In dem 2025 eröffneten Zentrum wird Ihnen das gesamte Spektrum der Tierzahnheilkunde und Kieferchirurgie geboten.,https://tierarzt-hadern.de/,2026-10-06
tierarztpraxis-siems,description,"Von der Vorsorge bis zum Notfall — wir behandeln Hunde, Katzen und Kleintiere mit moderner Ausstattung und der nötigen Ruhe.",https://tierarztpraxis-drsiems.de/leistungen,2026-10-06
tierarztpraxis-siems,emergency_note,"In dringenden Fällen versuchen Sie es über unsere Notfallnummer — sie ist nach Möglichkeit besetzt, aber keine 24-Stunden-Bereitschaft.",https://tierarztpraxis-drsiems.de/notfall,2026-10-06
tierarztpraxis-siems,facts:online_booking,"Online-Termin buchen Mi, Do & Sa nach Vereinbarung",https://tierarztpraxis-drsiems.de/termin,2026-10-06
tierarztpraxis-siems,specialties:surgery,Weichteilchirurgie — auch anspruchsvollere Eingriffe Kastrationen & Sterilisationen Wundversorgung & Abszesse,https://tierarztpraxis-drsiems.de/leistungen,2026-10-06
tierarztpraxis-siems,specialties:dentistry,Digitales Dentalröntgen (iM3-Dentaleinheit) Professionelle Zahnreinigung mit Politur — auch unterhalb des Zahnfleischrands,https://tierarztpraxis-drsiems.de/leistungen,2026-10-06
tierarztpraxis-siems,specialties:internal-medicine,Erkrankungen der inneren Organe erfordern eine gründliche Diagnostik und individuell abgestimmte Therapien.,https://tierarztpraxis-drsiems.de/leistungen,2026-10-06
tierarztpraxis-siems,specialties:x-ray,Digitales Röntgen Dentalröntgen Ultraschall Hauseigenes IDEXX-Labor,https://tierarztpraxis-drsiems.de/leistungen,2026-10-06
tierarztpraxis-siems,specialties:ultrasound,Für Ultraschall-Untersuchungen kommen erfahrene Spezialisten zu uns in die Praxis,https://tierarztpraxis-drsiems.de/leistungen,2026-10-06
tierarztpraxis-siems,specialties:laboratory,"Digitales Röntgen und ein hauseigenes IDEXX-Labor erlauben uns, viele Untersuchungen direkt in der Praxis durchzuführen.",https://tierarztpraxis-drsiems.de/leistungen,2026-10-06
kleintierklinik-muenchen-riem,description,Dank unseres Teams können wir durch intensiven fachlichen Austausch Ihrem Haustier die optimale medizinische Versorgung bieten.,https://www.kleintierklinik-lutz.vet/,2026-10-06
kleintierklinik-muenchen-riem,emergency_note,24/7 Telefonische Erreichbarkeit im Notfall Die Nummer der diensthabenden TierärztIn wird auf dem Anrufbeantworter angesagt,https://www.kleintierklinik-lutz.vet/,2026-10-06
kleintierklinik-muenchen-riem,opening_hours,"Terminsprechstunde Montag bis Freitag 9-13 Uhr Montag bis Freitag 16-18 Uhr, sowie Dienstag 18-20 Uhr Samstag 10-11.30 Uhr",https://www.kleintierklinik-lutz.vet/,2026-10-06
kleintierklinik-muenchen-riem,facts:online_booking,Sonstige Behandlungen können Sie ganz einfach online vereinbaren.,https://www.kleintierklinik-lutz.vet/,2026-10-06
kleintierklinik-muenchen-riem,specialties:surgery,Dr. Sibylle Lutz Fachtierärztin für Chirurgie,https://www.kleintierklinik-lutz.vet/,2026-10-06
kleintierklinik-muenchen-riem,specialties:orthopedics,"Orthopädie: Es werden orthopädische Eingriffe, wie das Verschrauben von Knochenbrüchen, Sehnen- oder Gelenkoperationen und Bandersatz nach Bänderrissen vorgenommen.",https://www.kleintierklinik-lutz.vet/,2026-10-06
kleintierklinik-muenchen-riem,specialties:x-ray,"Digitales Röntgen: Die Klinik besitzt eine moderne, digitale Röntgenanlage, die hochwertige, computergestützte Bilder bei minimaler Strahlenbelastung garantiert.",https://www.kleintierklinik-lutz.vet/,2026-10-06
kleintierklinik-muenchen-riem,specialties:endoscopy,Endoskopie: Die Technik der Endoskopie kann zur Ursachenfindung für Erkrankungen in vielen Körperregionen dienen.,https://www.kleintierklinik-lutz.vet/,2026-10-06
kleintierklinik-muenchen-riem,specialties:laboratory,"In Zusammenarbeit mit Speziallabors können wir Diagnostik von parasitologischen, virologischen, bakteriologischen und mykologischen Erkrankungen durchführen",https://www.kleintierklinik-lutz.vet/,2026-10-06
tierarztliche-gemeinschaftspraxis-thumm-gotzke,description,"Wir sind Ihr richtiger Ansprechpartner für alle Gesundheitsfragen rund ums Tier. Unsere Praxis befindet sich im Süd-Westen von München in Sendling Westpark, in der Nähe des Luise-Kiesselbach-Platzes.",https://www.muenchen-tierarzt.de/,2026-10-06
tierarztliche-gemeinschaftspraxis-thumm-gotzke,emergency_note,Über unsere Notrufnummer erreichen Sie eine unserer Tierärztinnen in dringenden Fällen auch außerhalb der Sprechzeiten.,https://www.muenchen-tierarzt.de/,2026-10-06
tierarztliche-gemeinschaftspraxis-thumm-gotzke,facts:online_booking,"Bitte vereinbaren Sie telefonisch, per Email oder über unsere neue Online -Buchungs- Funktion einen Termin",https://www.muenchen-tierarzt.de/,2026-10-06
tierarztliche-gemeinschaftspraxis-thumm-gotzke,specialties:dentistry,"Zahnbehandlungen bei Hunden, Katzen und Heimtieren",https://www.muenchen-tierarzt.de/angebote/,2026-10-06
tierarztliche-gemeinschaftspraxis-thumm-gotzke,specialties:x-ray,Röntgen- und Ultraschall-Diagnostik,https://www.muenchen-tierarzt.de/angebote/,2026-10-06
tierarztliche-gemeinschaftspraxis-thumm-gotzke,specialties:ultrasound,Röntgen- und Ultraschall-Diagnostik,https://www.muenchen-tierarzt.de/angebote/,2026-10-06
tierarztliche-gemeinschaftspraxis-thumm-gotzke,specialties:laboratory,Laboruntersuchungen,https://www.muenchen-tierarzt.de/angebote/,2026-10-06
tierarztliche-gemeinschaftspraxis-thumm-gotzke,specialties:internal-medicine,Innere Medizin,https://www.muenchen-tierarzt.de/angebote/,2026-10-06
tierarztliche-gemeinschaftspraxis-thumm-gotzke,specialties:surgery,Innere Medizin Chirurgie,https://www.muenchen-tierarzt.de/angebote/,2026-10-06
tierarztpraxis-dr-heubeck,description,"In unserer Tierarztpraxis in München bieten wir umfassende medizinische Versorgung für Hunde, Katzen und exotische Tiere. Bei uns steht die Gesundheit Deines Vierbeiners im Mittelpunkt.",http://www.tierarztpraxis-heubeck.de/,2026-10-06
tierarztpraxis-dr-heubeck,facts:online_booking,"Bitte beachte, dass wir nur noch eine reine Terminsprechstunde anbieten. Einen Termin kannst Du hier bequem online buchen .",http://www.tierarztpraxis-heubeck.de/,2026-10-06
tierarztpraxis-dr-heubeck,specialties:surgery,"Von Haut- und Muskeloperationen bis zu Eingriffen an inneren Organen wie dem Magen-Darm-Trakt, Milz, Nieren, Harnblase oder den Geschlechtsorganen – die Weichteilchirurgie umfasst eine Vielzahl an Operationen, die nicht an Knochen oder Gelenken stattfinden.",https://tierarztpraxis-heubeck.de/leistungen/chirurgie/,2026-10-06
tierarztpraxis-dr-heubeck,specialties:dentistry,"Gesunde Zähne und gesundes Zahnfleisch sind entscheidend für das Wohlbefinden und ein langes, glückliches Leben deines Tieres. Deshalb bieten wir umfassende Leistungen in der Zahnheilkunde an.",http://www.tierarztpraxis-heubeck.de/,2026-10-06
tierarztpraxis-dr-heubeck,specialties:x-ray,"Mit modernster Medizintechnik, darunter eigenes Labor, Röntgen und Ultraschall, sorgen wir dafür, dass dein Liebling die beste Behandlung erhält.",http://www.tierarztpraxis-heubeck.de/,2026-10-06
tierarztpraxis-dr-heubeck,specialties:ultrasound,"Mit modernster Medizintechnik, darunter eigenes Labor, Röntgen und Ultraschall, sorgen wir dafür, dass dein Liebling die beste Behandlung erhält.",http://www.tierarztpraxis-heubeck.de/,2026-10-06
tierarztpraxis-dr-heubeck,specialties:laboratory,"Mit modernster Medizintechnik, darunter eigenes Labor, Röntgen und Ultraschall, sorgen wir dafür, dass dein Liebling die beste Behandlung erhält.",http://www.tierarztpraxis-heubeck.de/,2026-10-06
tierarztpraxis-dr-heubeck,specialties:exotics,"In unserer Tierarztpraxis in München bieten wir umfassende medizinische Versorgung für Hunde, Katzen und exotische Tiere.",http://www.tierarztpraxis-heubeck.de/,2026-10-06
