business_slug,price_code,weight_from_kg,weight_to_kg,price_from,price_to,currency,source_url,observed_at,notes,unit,partial,note,note_local
veterinarna-klinika-solivet,exam,,,25,25,EUR,https://www.solivet.sk/cennik,2026-09-30,"Vyšetrenie (pes, mačka) 25 €",,,,
veterinarna-klinika-solivet,vaccination_dog,,,35,,EUR,https://www.solivet.sk/cennik,2026-09-30,"Kompletná vakcinácia pes od 35 € (psinka, parvoviróza, inf. hepatitída, parainfluenza, leptospira + besnota)",,,,
veterinarna-klinika-solivet,microchip,,,28,28,EUR,https://www.solivet.sk/cennik,2026-09-30,Čipovanie - mikročip + registrácia 28 €,,,,
veterinarna-klinika-solivet,neuter_cat,,,90,,EUR,https://www.solivet.sk/cennik,2026-09-30,Kastrácia kocúr od 90 €,,,,
veterinarna-klinika-solivet,spay_cat,,,100,,EUR,https://www.solivet.sk/cennik,2026-09-30,"Sterilizácia mačka, fretka, králik, morča od 100 €",,,,
veterinarna-klinika-solivet,spay_dog,,,260,,EUR,https://www.solivet.sk/cennik,2026-09-30,Sterilizácia sučka od 260 €,,,,
veterinarna-ambulancia-happyvet,exam,,,20,20,EUR,https://happyvet.sk/cennik/,2026-09-30,Klinické vyšetrenie 20€,,,,
veterinarna-ambulancia-happyvet,vaccination_dog,,,30,30,EUR,https://happyvet.sk/cennik/,2026-09-30,kompletná DHPPiL+R (infekčné + besnota) 30€,,,,
veterinarna-ambulancia-happyvet,microchip,,,25,25,EUR,https://happyvet.sk/cennik/,2026-09-30,čipovanie + registrácia 25€,,,,
veterinarna-ambulancia-happyvet,neuter_cat,,,80,80,EUR,https://happyvet.sk/cennik/,2026-09-30,Kastrácia kocúra (v inhalačnej anestéze) 80€,,,,
veterinarna-ambulancia-happyvet,spay_cat,,,100,100,EUR,https://happyvet.sk/cennik/,2026-09-30,"Sterilizácia samíc v cene inhalačná anestéza, infúzia, lieky, kontroly, pooperačna košieľka.. Mačka 100€",,,,
veterinarna-ambulancia-happyvet,spay_dog,,,230,,EUR,https://happyvet.sk/cennik/,2026-09-30,Suka ovariohysterektómia od 230€,,,,
veterinarna-klinika-pod-kamennou-banou-mvdr-linda-micuchova,exam,,,20,20,EUR,https://vetklinikapkb.sk/cennik/,2026-09-30,Základné klinické vyšetrenie 20 €,,,,
veterinarna-klinika-pod-kamennou-banou-mvdr-linda-micuchova,vaccination_dog,,,30,30,EUR,https://vetklinikapkb.sk/cennik/,2026-09-30,"Kompletná vakcinácia – pes (DHPPi L4 R), mačka (PCHR) 30 €",,,,
veterinarna-klinika-pod-kamennou-banou-mvdr-linda-micuchova,microchip,,,20,20,EUR,https://vetklinikapkb.sk/cennik/,2026-09-30,Čipovanie zvieraťa 20 €,,yes,without registration in CRSZ,bez registrácie v CRSZ
veterinarna-klinika-pod-kamennou-banou-mvdr-linda-micuchova,neuter_cat,,,80,,EUR,https://vetklinikapkb.sk/cennik/,2026-09-30,Kastrácia kocúr od 80 €,,,,
veterinarna-klinika-pod-kamennou-banou-mvdr-linda-micuchova,spay_cat,,,100,,EUR,https://vetklinikapkb.sk/cennik/,2026-09-30,Ovariohysterektómia mačka od 100 €,,,,
veterinarna-klinika-pod-kamennou-banou-mvdr-linda-micuchova,spay_dog,,10,190,,EUR,https://vetklinikapkb.sk/cennik/,2026-09-30,Ovariohysterektómia fena – do 10 kg od 190 €,,,,
veterinarna-klinika-pod-kamennou-banou-mvdr-linda-micuchova,spay_dog,10,20,210,,EUR,https://vetklinikapkb.sk/cennik/,2026-09-30,Ovariohysterektómia fena – 10 – 20 kg od 210 €,,,,
veterinarna-klinika-pod-kamennou-banou-mvdr-linda-micuchova,spay_dog,20,40,230,,EUR,https://vetklinikapkb.sk/cennik/,2026-09-30,Ovariohysterektómia fena – 20 – 40 kg od 230 €,,,,
veterinarna-klinika-pod-kamennou-banou-mvdr-linda-micuchova,spay_dog,40,50,250,,EUR,https://vetklinikapkb.sk/cennik/,2026-09-30,Ovariohysterektómia fena – 40 – 50 kg od 250 €,,,,
veterinarna-klinika-pod-kamennou-banou-mvdr-linda-micuchova,spay_dog,50,60,270,,EUR,https://vetklinikapkb.sk/cennik/,2026-09-30,Ovariohysterektómia fena – 50 – 60 kg od 270 €,,,,
