"category","name","slug","address","lat","lng","phone","email","website","instagram","facebook","short_description","short_description_local","description","description_local","opening_hours","hours_source_url","hours_observed_at","emergency_24_7","emergency_note","emergency_note_local","home_visits","specialties","languages_spoken","facts","photo_urls","google_place_id","google_maps_url","google_rating","google_rating_count","rating_observed_at","logo_file","source_url","observed_at","closed","notes"
"VET_CLINIC","Tierarztpraxis Peter Altdorf","tierarztpraxis-peter-altdorf","Siebengebirgsallee 15, 51147 Köln","50.8556092","7.0894264","+49 2203 62822","Peter@Tierarzt-Altdorf.de","http://www.tierarzt-altdorf.de/","","","Veterinary practice in Cologne-Wahn offering care for small companion animals and large animals.","Tierarztpraxis in Köln-Wahn für Kleintiere und Großtiere mit Sprechstunde nach Vereinbarung.","Tierarztpraxis Peter Altdorf provides medical care for small companion animals and large animals in Cologne-Wahn. The practice offers general veterinary examinations and treatments, with consultations arranged by appointment.","Die Tierarztpraxis Peter Altdorf bietet tiermedizinische Versorgung für Kleintiere und Großtiere in Köln-Wahn. Die Praxis führt allgemeine Untersuchungen und Behandlungen nach telefonischer Terminvereinbarung durch.","mo 08:00-12:00,14:00-18:00; tu 08:00-12:00,14:00-18:00; we 08:00-12:00,14:00-18:00,19:00-20:00; th 08:00-12:00,14:00-18:00; fr 08:00-12:00,14:00-18:00; sa closed; su closed","https://www.google.com/maps/place/Tierarztpraxis+Peter+Altdorf/@50.8556092,7.0894264,17z/data=!3m1!4b1!4m6!3m5!1s0x417229f522d487e1:0xce58f447d1722f51!8m2!3d50.8556092!4d7.0894264!16s%2Fg%2F1v5_8kdd?authuser=0&hl=de&entry=ttu&g_ep=EgoyMDI2MDkzMC4wIKXMDSoASAFQAw%3D%3D","2026-10-06","","","","","","","","","","https://www.google.com/maps/place/Tierarztpraxis+Peter+Altdorf/@50.8556092,7.0894264,17z/data=!3m1!4b1!4m6!3m5!1s0x417229f522d487e1:0xce58f447d1722f51!8m2!3d50.8556092!4d7.0894264!16s%2Fg%2F1v5_8kdd?authuser=0&hl=de&entry=ttu&g_ep=EgoyMDI2MDkzMC4wIKXMDSoASAFQAw%3D%3D","4.9","128","2026-10-06","","http://www.tierarzt-altdorf.de/","2026-10-06","","facts: none (consultations by appointment); languages: none (site de only); prices: none (no price list on site; statutory GOT billing); emergency_note: none (regular consultation hours only); logo: none (site has no practice logo; only state veterinary chamber crest)"
"VET_CLINIC","Tierarztpraxis Cimander","tierarztpraxis-cimander","Zaunhofstraße 209, 50997 Köln","50.8608444","6.9538835","+49 2236 9617661","","https://tierarztpraxis-cimander.eu/","","","Veterinary practice in Cologne-Immendorf offering small animal medicine, surgery and dentistry.","Tierarztpraxis in Köln-Immendorf für Kleintiermedizin, Weichteiloperationen und Zahnbehandlung.","Tierarztpraxis Vivian Cimander provides healthcare for small animals in Cologne-Immendorf. The clinic offers general examinations, soft-tissue surgeries, dental prophylaxis, vaccinations and routine medical treatments by appointment.","Die Tierarztpraxis Vivian Cimander bietet tiermedizinische Betreuung für Kleintiere in Köln-Immendorf. Das Leistungsspektrum umfasst allgemeine Untersuchungen, Weichteiloperationen, Zahnbehandlungen, Impfungen und eine reine Terminsprechstunde.","mo 09:00-13:00,15:00-18:00; tu 09:00-13:00,17:00-19:00; we 09:00-13:00,15:00-18:00; th 09:00-13:00; fr 09:00-13:00,15:00-18:00; sa closed; su closed","https://www.google.com/maps/place/Tierarztpraxis+Cimander/@50.8608444,6.9538835,17z/data=!3m1!4b1!4m6!3m5!1s0x47bf24e54dc02363:0x57e6452926327b8d!8m2!3d50.8608444!4d6.9538835!16s%2Fg%2F1tj51qx1?authuser=0&hl=de&entry=ttu&g_ep=EgoyMDI2MDkzMC4wIKXMDSoASAFQAw%3D%3D","2026-10-06","","","","","","","","","","https://www.google.com/maps/place/Tierarztpraxis+Cimander/@50.8608444,6.9538835,17z/data=!3m1!4b1!4m6!3m5!1s0x47bf24e54dc02363:0x57e6452926327b8d!8m2!3d50.8608444!4d6.9538835!16s%2Fg%2F1tj51qx1?authuser=0&hl=de&entry=ttu&g_ep=EgoyMDI2MDkzMC4wIKXMDSoASAFQAw%3D%3D","4.7","119","2026-10-06","","https://tierarztpraxis-cimander.eu/","2026-10-06","","facts: none (consultations by appointment); languages: none (site de only); prices: none (no price list on site; statutory GOT billing); emergency_note: none (regular consultation hours only); logo: none (site uses text header without logo graphic)"
"VET_CLINIC","Rex Tierarztpraxis Köln-Innenstadt","rex-tierarztpraxis-koeln-innenstadt","Hohenstaufenring 60, 50674 Köln","50.9330184","6.9402584","+49 221 82827343","","https://rex.app/praxen/koln-innenstadt","","","Veterinary practice in Cologne city center with extended hours and online appointments.","Tierarztpraxis in der Kölner Innenstadt mit langen Öffnungszeiten und Online-Terminen.","Rex Tierarztpraxis on Hohenstaufenring in Cologne offers veterinary healthcare for dogs and cats. The practice features digital diagnostics, extended weekday opening hours and online appointment booking.","Die Rex Tierarztpraxis am Hohenstaufenring in Köln bietet tiermedizinische Versorgung für Hunde und Katzen. Zu den Leistungen gehören moderne Diagnostik, erweiterte Öffnungszeiten an Werktagen und bequeme Online-Terminbuchung.","mo 08:00-20:00; tu 08:00-20:00; we 08:00-20:00; th 08:00-20:00; fr 08:00-20:00; sa 09:00-16:00; su closed","https://www.google.com/maps/place/Rex+Tierarztpraxis+K%C3%B6ln-Innenstadt/@50.9330184,6.9402584,17z/data=!3m1!4b1!4m6!3m5!1s0x40a11d133dd89d4f:0xf5d1d404ab2b267b!8m2!3d50.9330184!4d6.9402584!16s%2Fg%2F11xp7fv5mc?authuser=0&hl=de&entry=ttu&g_ep=EgoyMDI2MDkzMC4wIKXMDSoASAFQAw%3D%3D","2026-10-06","","","","","","","online_booking","","","https://www.google.com/maps/place/Rex+Tierarztpraxis+K%C3%B6ln-Innenstadt/@50.9330184,6.9402584,17z/data=!3m1!4b1!4m6!3m5!1s0x40a11d133dd89d4f:0xf5d1d404ab2b267b!8m2!3d50.9330184!4d6.9402584!16s%2Fg%2F11xp7fv5mc?authuser=0&hl=de&entry=ttu&g_ep=EgoyMDI2MDkzMC4wIKXMDSoASAFQAw%3D%3D","4.9","118","2026-10-06","rex-tierarztpraxis-koeln-innenstadt.png","https://rex.app/praxen/koln-innenstadt","2026-10-06","","languages: none (site de only); prices: none (no price list on site; statutory GOT billing); emergency_note: none (regular consultation hours only); logo: site header brand"
"VET_CLINIC","Tierarzt Dr. Joest","tierarzt-dr-joest","Sürther Hauptstraße 178B, 50999 Köln","50.8668548","7.0168812","+49 2236 9699400","","http://tierarzt-joest.de/","","","Veterinary practice in Cologne-Sürth offering general medicine, diagnostics and surgery.","Tierarztpraxis in Köln-Sürth für Kleintiermedizin, Vorsorge, Diagnostik und Weichteilchirurgie.","Tierarztpraxis Dr. Britta Joest provides comprehensive healthcare for dogs, cats and small animals in Cologne-Sürth. Services include preventive examinations, vaccinations, soft-tissue surgery, dental treatments and diagnostic services.","Die Kleintierpraxis Dr. Britta Joest bietet umfassende Betreuung für Hunde, Katzen und Heimtiere in Köln-Sürth. Zum Angebot gehören Vorsorgeuntersuchungen, Impfungen, Weichteilchirurgie, Zahnbehandlungen und Diagnostik nach Terminabsprache.","mo 10:30-12:30; tu 10:30-12:30,16:00-18:00; we 10:30-12:30; th 10:30-12:30,16:00-18:00; fr 16:00-18:30; sa closed; su closed","https://www.google.com/maps/place/Tierarzt+Dr.+Joest/@50.8668548,7.0168812,17z/data=!3m1!4b1!4m6!3m5!1s0x47bf213cdde96ce3:0xf8f841d29a901ff6!8m2!3d50.8668548!4d7.0168812!16s%2Fg%2F1tdqsp0l?authuser=0&hl=de&entry=ttu&g_ep=EgoyMDI2MDkzMC4wIKXMDSoASAFQAw%3D%3D","2026-10-06","","","","","","","","","","https://www.google.com/maps/place/Tierarzt+Dr.+Joest/@50.8668548,7.0168812,17z/data=!3m1!4b1!4m6!3m5!1s0x47bf213cdde96ce3:0xf8f841d29a901ff6!8m2!3d50.8668548!4d7.0168812!16s%2Fg%2F1tdqsp0l?authuser=0&hl=de&entry=ttu&g_ep=EgoyMDI2MDkzMC4wIKXMDSoASAFQAw%3D%3D","4.7","91","2026-10-06","","http://tierarzt-joest.de/","2026-10-06","","facts: none (consultations by appointment); languages: none (site de only); prices: none (no price list on site; statutory GOT billing); emergency_note: none (regular consultation hours only); logo: none (site uses text header without logo graphic)"
"VET_CLINIC","Tierarztpraxis Dr.med.vet. Andrea Bathen-Nöthen","tierarztpraxis-dr-bathen-noethen","Hatzfeldstr. 6, 51069 Köln","50.9725701","7.0717767","+49 221 634075","mail@vetneuro.de","http://www.vetneuro.de/","","","Specialized referral practice in Cologne for veterinary neurology, dermatology and imaging.","Spezialisierte Überweisungspraxis in Köln für Tierneurologie, Dermatologie und Bildgebung.","Tierarztpraxis Vetneuro Dr. Andrea Bathen-Nöthen in Cologne is a specialized referral center for veterinary neurology and dermatology. The clinic provides advanced examinations, medical therapy and specialized diagnostic care for dogs and cats.","Die Tierarztpraxis Vetneuro Dr. Andrea Bathen-Nöthen in Köln ist eine spezialisierte Überweisungspraxis für Tierneurologie und Dermatologie. Schwerpunkte sind neurologische Diagnostik, Hauterkrankungen und fachärztliche Betreuung von Hunden und Katzen.","mo 09:00-15:00; tu 09:00-15:00; we 09:00-13:00; th 09:00-15:00; fr 09:00-13:00; sa closed; su closed","https://www.google.com/maps/place/Tierarztpraxis+Dr.med.vet.+Andrea+Bathen-N%C3%B6then/@50.9725701,7.0717767,17z/data=!3m1!4b1!4m6!3m5!1s0x47bf28709bbfa0eb:0x2900f09d2edf7cc6!8m2!3d50.9725701!4d7.0717767!16s%2Fg%2F1tdw2lxm?authuser=0&hl=de&entry=ttu&g_ep=EgoyMDI2MDkzMC4wIKXMDSoASAFQAw%3D%3D","2026-10-06","","","","","neurology;dermatology","","","","","https://www.google.com/maps/place/Tierarztpraxis+Dr.med.vet.+Andrea+Bathen-N%C3%B6then/@50.9725701,7.0717767,17z/data=!3m1!4b1!4m6!3m5!1s0x47bf28709bbfa0eb:0x2900f09d2edf7cc6!8m2!3d50.9725701!4d7.0717767!16s%2Fg%2F1tdw2lxm?authuser=0&hl=de&entry=ttu&g_ep=EgoyMDI2MDkzMC4wIKXMDSoASAFQAw%3D%3D","4.7","86","2026-10-06","tierarztpraxis-dr-bathen-noethen.png","http://www.vetneuro.de/","2026-10-06","","duplicate-check: different place (specialized neurology and dermatology referral practice of Dr. Andrea Bathen-Noethen, distinct card and website from joint practice); facts: none (consultations by appointment); languages: none (site de only); prices: none (specialist practice, GOT billing); emergency_note: none (regular consultation hours only); logo: site header"
"VET_CLINIC","Tierarztpraxis Welters","tierarztpraxis-welters","Wahlenstraße 10, 50823 Köln","50.9485494","6.9211276","+49 221 515851","","https://www.koelner-tierarztpraxis.de/","","","Small animal veterinary clinic in Cologne-Ehrenfeld with open walk-in consultation hours.","Kleintierpraxis in Köln-Ehrenfeld mit offenen Sprechstunden und Operationen nach Vereinbarung.","Kleintierpraxis Monika Welters in Cologne-Ehrenfeld offers medical care for small companion animals. The practice conducts open walk-in consultation hours on weekdays, routine health checks, vaccinations and soft-tissue surgery by appointment.","Die Kleintierpraxis Monika Welters in Köln-Ehrenfeld bietet tiermedizinische Versorgung für Haustiere. Die Praxis führt offene Sprechstunden an Werktagen durch, ergänzt durch Vorsorgeuntersuchungen, Impfungen und Operationen nach Vereinbarung.","mo 09:00-12:00,16:00-19:00; tu 16:00-18:00; we 09:00-12:00; th 16:00-18:00; fr 09:00-12:00,16:00-19:00; sa closed; su closed","https://www.google.com/maps/place/Tierarztpraxis+Welters/@50.9485494,6.9211276,17z/data=!3m1!4b1!4m6!3m5!1s0x47bf2515e2eae35d:0x17ec7102915e366b!8m2!3d50.9485494!4d6.9211276!16s%2Fg%2F11csrlxhxt?authuser=0&hl=de&entry=ttu&g_ep=EgoyMDI2MDkzMC4wIKXMDSoASAFQAw%3D%3D","2026-10-06","","","","","","","","","","https://www.google.com/maps/place/Tierarztpraxis+Welters/@50.9485494,6.9211276,17z/data=!3m1!4b1!4m6!3m5!1s0x47bf2515e2eae35d:0x17ec7102915e366b!8m2!3d50.9485494!4d6.9211276!16s%2Fg%2F11csrlxhxt?authuser=0&hl=de&entry=ttu&g_ep=EgoyMDI2MDkzMC4wIKXMDSoASAFQAw%3D%3D","4.4","82","2026-10-06","tierarztpraxis-welters.png","https://www.koelner-tierarztpraxis.de/","2026-10-06","","facts: none (open consultations and walk-in surgery by appointment); languages: none (site de only); prices: none (no price list on site; statutory GOT billing); emergency_note: none (regular consultation hours only); logo: site header"
"VET_CLINIC","Tierarztpraxis Schockhoven Köln Süd","tierarztpraxis-schockhoven-koeln-sued","Guntherstraße 21, 50996 Köln","50.8901961","6.9940629","+49 221 393090","schockhoven.s@schockhoven.de","http://www.schockhoven.de/","","","Veterinary practice in Cologne-Rodenkirchen with house calls and video consultations.","Tierarztpraxis in Köln-Rodenkirchen mit Hausbesuchen und tierärztlicher Videosprechstunde.","Tierarztpraxis Dr. Schockhoven in Cologne-Rodenkirchen provides personalized veterinary medicine for pets. Services range from vaccinations and surgery to home visits and video consultations via Petla.","Die Tierarztpraxis Dr. Schockhoven in Köln-Rodenkirchen bietet persönliche tierärztliche Betreuung für Haustiere. Das Spektrum reicht von Impfungen und Operationen bis zu Hausbesuchen und Videosprechstunden.","mo 10:00-12:00,16:00-18:00; tu 10:00-12:00,16:00-18:00; we 10:00-12:00,16:00-18:00; th 10:00-12:00,16:00-18:00; fr 10:00-12:00,16:00-18:00; sa closed; su closed","https://www.google.com/maps/place/Tierarztpraxis+Schockhoven+K%C3%B6ln+S%C3%BCd/@50.8901961,6.9940629,17z/data=!3m1!4b1!4m6!3m5!1s0x47bf26ac493cf5a5:0x33b791a53b540081!8m2!3d50.8901961!4d6.9940629!16s%2Fg%2F1tmpd1n0?authuser=0&hl=de&entry=ttu&g_ep=EgoyMDI2MDkzMC4wIKXMDSoASAFQAw%3D%3D","2026-10-06","","","","yes","","","online_booking","","","https://www.google.com/maps/place/Tierarztpraxis+Schockhoven+K%C3%B6ln+S%C3%BCd/@50.8901961,6.9940629,17z/data=!3m1!4b1!4m6!3m5!1s0x47bf26ac493cf5a5:0x33b791a53b540081!8m2!3d50.8901961!4d6.9940629!16s%2Fg%2F1tmpd1n0?authuser=0&hl=de&entry=ttu&g_ep=EgoyMDI2MDkzMC4wIKXMDSoASAFQAw%3D%3D","4.4","82","2026-10-06","tierarztpraxis-schockhoven-koeln-sued.png","http://www.schockhoven.de/","2026-10-06","","languages: none (site de only); prices: none (no price list on site; statutory GOT billing); emergency_note: none (regular consultation hours only); logo: site icon"
"VET_CLINIC","Tierarztpraxis Weiden","tierarztpraxis-weiden","Aachener Str. 1248, 50859 Köln","50.9385765","6.8305809","+49 2234 74661","anmeldung@tp-weiden.de","http://tp-weiden.de/","","","Veterinary practice in Cologne-Weiden for cardiology, dermatology and internal medicine.","Tierarztpraxis in Köln-Weiden für Kardiologie, Dermatologie, Innere Medizin und Chirurgie.","Tierarztpraxis Weiden on Aachener Straße in Cologne provides comprehensive healthcare for dogs, cats and small animals. The practice specializes in veterinary cardiology, internal medicine, dermatology and soft-tissue surgery.","Die Tierarztpraxis Weiden in der Aachener Straße in Köln bietet umfassende Behandlungen für Kleintiere. Zu den Praxisschwerpunkten zählen Kardiologie, Innere Medizin, Dermatologie und Weichteiloperationen im praxiseigenen OP.","mo 08:00-20:30; tu 08:00-19:30; we 08:00-19:30; th 08:00-19:30; fr 08:00-17:00; sa closed; su closed","https://www.google.com/maps/place/Tierarztpraxis+Weiden/@50.9385765,6.8305809,17z/data=!3m1!4b1!4m6!3m5!1s0x47bf3be47f54df6b:0xba74a21c6fbdf7d9!8m2!3d50.9385765!4d6.8305809!16s%2Fg%2F11k3r5tvf_?authuser=0&hl=de&entry=ttu&g_ep=EgoyMDI2MDkzMC4wIKXMDSoASAFQAw%3D%3D","2026-10-06","","","","","cardiology;internal-medicine;dermatology","","","","","https://www.google.com/maps/place/Tierarztpraxis+Weiden/@50.9385765,6.8305809,17z/data=!3m1!4b1!4m6!3m5!1s0x47bf3be47f54df6b:0xba74a21c6fbdf7d9!8m2!3d50.9385765!4d6.8305809!16s%2Fg%2F11k3r5tvf_?authuser=0&hl=de&entry=ttu&g_ep=EgoyMDI2MDkzMC4wIKXMDSoASAFQAw%3D%3D","4.6","70","2026-10-06","tierarztpraxis-weiden.png","http://tp-weiden.de/","2026-10-06","","facts: none (consultations by appointment); languages: none (site de only); prices: none (no price list on site; statutory GOT billing); emergency_note: none (regular consultation hours only); logo: site header"
"VET_CLINIC","Dr. med. vet. Wolfgang Göbel","dr-wolfgang-goebel","Fasanenweg 2-4, 50996 Köln","50.8682352","6.9736216","+49 2236 849470","","https://dr-wolfgang-goebel.jimdofree.com/","","","Mobile equine veterinary practice in Cologne providing on-site sports medicine and rehabilitation.","Mobile Pferdefahrpraxis im Großraum Köln für Sportmedizin, Rehabilitation und Gynäkologie.","Dr. med. vet. Wolfgang Göbel operates an equine ambulatory practice in the Cologne region. The practice provides specialized equine healthcare directly at the stable, covering orthopedic examinations, sports medicine, rehabilitation and emergency support.","Dr. med. vet. Wolfgang Göbel führt eine spezialisierte Pferdefahrpraxis im Kölner Großraum. Die Praxis bietet ambulante tiermedizinische Rundum-Versorgung direkt im Heimatstall mit Sportmedizin, Rehabilitation, Stoßwellentherapie und Notfallbereitschaft.","mo 08:00-18:00; tu 08:00-18:00; we 08:00-18:00; th 08:00-18:00; fr 08:00-16:00; sa closed; su closed","https://www.google.com/maps/place/Dr.+med.+vet.+Wolfgang+G%C3%B6bel/@50.8682352,6.9736216,17z/data=!3m1!4b1!4m6!3m5!1s0x47bf23e0c73f8791:0x2feab1e508bba308!8m2!3d50.8682352!4d6.9736216!16s%2Fg%2F1tfphywb?authuser=0&hl=de&entry=ttu&g_ep=EgoyMDI2MDkzMC4wIKXMDSoASAFQAw%3D%3D","2026-10-06","","24/7 on-call emergency service for established clients","24/7 Notfallbereitschaft für Stammkunden vor Ort im Stall","yes","rehabilitation;reproduction","","","","","https://www.google.com/maps/place/Dr.+med.+vet.+Wolfgang+G%C3%B6bel/@50.8682352,6.9736216,17z/data=!3m1!4b1!4m6!3m5!1s0x47bf23e0c73f8791:0x2feab1e508bba308!8m2!3d50.8682352!4d6.9736216!16s%2Fg%2F1tfphywb?authuser=0&hl=de&entry=ttu&g_ep=EgoyMDI2MDkzMC4wIKXMDSoASAFQAw%3D%3D","4.1","56","2026-10-06","dr-wolfgang-goebel.png","https://dr-wolfgang-goebel.jimdofree.com/","2026-10-06","","facts: none (mobile equine veterinary practice on appointment); languages: none (site de only); prices: none (no price list on site; statutory GOT billing); logo: site header master"
