"business_slug","field","quote","source_url","observed_at"
"tierarztpraxis-peter-altdorf","description","Termine nach Vereinbarung unter: 02203 - 62 82 2","http://www.tierarzt-altdorf.de/start.html","2026-10-06"
"tierarztpraxis-cimander","description","Herzlich Willkommen auf der Internetseite der Tierarztpraxis Vivian Cimander prakt. Tierärztin","https://tierarztpraxis-cimander.eu/","2026-10-06"
"rex-tierarztpraxis-koeln-innenstadt","description","Die Tierarztpraxis, die weiß, wie der Hase läuft – 13x in Deutschland:","https://rex.app/praxen/koln-innenstadt","2026-10-06"
"rex-tierarztpraxis-koeln-innenstadt","facts:online_booking","Online buchen – mit flexiblen Öffnungszeiten und kurzfristigen Terminen.","https://rex.app/praxen/koln-innenstadt","2026-10-06"
"tierarzt-dr-joest","description","In unserer Praxis bieten wir Ihnen die notwendigen Vorsorgeuntersuchungen, Impfungen, Zahnbehandlungen, Chirurgie, Diagnostik sowie eine umfassende und zielführende Beratung an.","http://tierarzt-joest.de/","2026-10-06"
"tierarztpraxis-dr-bathen-noethen","description","Hier werden neurologisch und dermatologisch erkrankte Hunde und Katzen fachgerecht betreut.","http://www.vetneuro.de/","2026-10-06"
"tierarztpraxis-dr-bathen-noethen","specialties:neurology","Tätigkeitsschwerpunkt Kleintierneurologie","http://www.vetneuro.de/","2026-10-06"
"tierarztpraxis-dr-bathen-noethen","specialties:dermatology","Hier werden neurologisch und dermatologisch erkrankte Hunde und Katzen fachgerecht betreut.","http://www.vetneuro.de/","2026-10-06"
"tierarztpraxis-welters","description","Kleintierpraxis Welters in Köln Ehrenfeld - Kleintierpraxis Welters - Ihr Tierarzt in Köln Ehrenfeld","https://www.koelner-tierarztpraxis.de/","2026-10-06"
"tierarztpraxis-schockhoven-koeln-sued","description","Von der Impfung bis zur Operation – bei mir erhalten Sie eine umfassende tierärztliche Betreuung.","http://www.schockhoven.de/","2026-10-06"
"tierarztpraxis-schockhoven-koeln-sued","home_visits","Wenn ein Praxisbesuch nicht möglich oder zu stressig ist, biete ich Hausbesuche sowie einen Hol- und Bringservice an.","http://www.schockhoven.de/","2026-10-06"
"tierarztpraxis-schockhoven-koeln-sued","facts:online_booking","Zur Online-Sprechstunde","http://www.schockhoven.de/","2026-10-06"
"tierarztpraxis-weiden","description","Willkommen in unserer Tierpraxis Bei uns stehen die Bedürfnisse von Tier und Besitzer im Mittelpunkt.","http://tp-weiden.de/","2026-10-06"
"tierarztpraxis-weiden","specialties:cardiology","Wir bieten umfassende Leistungen in den Fachgebieten Kardiologie, Allgemeinmedizin, Innere Medizin und Dermatologie an.","http://tp-weiden.de/","2026-10-06"
"tierarztpraxis-weiden","specialties:internal-medicine","Wir bieten umfassende Leistungen in den Fachgebieten Kardiologie, Allgemeinmedizin, Innere Medizin und Dermatologie an.","http://tp-weiden.de/","2026-10-06"
"tierarztpraxis-weiden","specialties:dermatology","Wir bieten umfassende Leistungen in den Fachgebieten Kardiologie, Allgemeinmedizin, Innere Medizin und Dermatologie an.","http://tp-weiden.de/","2026-10-06"
"dr-wolfgang-goebel","description","Als Pferdefahrpraxis bieten wir beginnend mit der Untersuchung, über Therapie bis hin zur Rehabilitation eine zeitgemäße medizinische Rundum-Versorgung ihres Pferdes auf höchstem Niveau und mit neuester Technik direkt im Heimatstall.","https://dr-wolfgang-goebel.jimdofree.com/","2026-10-06"
"dr-wolfgang-goebel","home_visits","Als Pferdefahrpraxis bieten wir beginnend mit der Untersuchung, über Therapie bis hin zur Rehabilitation eine zeitgemäße medizinische Rundum-Versorgung ihres Pferdes auf höchstem Niveau und mit neuester Technik direkt im Heimatstall.","https://dr-wolfgang-goebel.jimdofree.com/","2026-10-06"
"dr-wolfgang-goebel","specialties:rehabilitation","Als Pferdefahrpraxis bieten wir beginnend mit der Untersuchung, über Therapie bis hin zur Rehabilitation eine zeitgemäße medizinische Rundum-Versorgung ihres Pferdes auf höchstem Niveau und mit neuester Technik direkt im Heimatstall.","https://dr-wolfgang-goebel.jimdofree.com/","2026-10-06"
"dr-wolfgang-goebel","specialties:reproduction","Gynäkologie/Fohlenmedizin Mit der Etablierung der künstlichen Besamung hat sich die Gynäkologie in der Pferdepraxis zu einem großen Aufgabenfeld für den Tierarzt entwickelt.","https://dr-wolfgang-goebel.jimdofree.com/leistungen/","2026-10-06"
"dr-wolfgang-goebel","emergency_note","Für unsere Stammkundschaft sind wir rund um die Uhr im Einsatz und schnellstmöglich vor Ort – damit garantieren wir eine bestmögliche Versorgung in Notfällen und eine ständige Bereitschaft für Sie und Ihr Pferd.","https://dr-wolfgang-goebel.jimdofree.com/leistungen/","2026-10-06"
